2026-02-06T04:28:09.148Z	[34mINFO[0m	engine/engine.go:407	Initialize database connections
2026-02-06T04:28:09.161Z	[34mINFO[0m	engine/engine.go:407	Initialize configuration
2026-02-06T04:28:09.162Z	[34mINFO[0m	engine/engine.go:407	Initialize navigation buttons
2026-02-06T04:28:09.162Z	[34mINFO[0m	engine/engine.go:407	Initialize plugins
2026-02-06T04:28:09.162Z	[34mINFO[0m	engine/engine.go:407	Initialize success🍺🍺
2026-02-06T04:29:10.553Z	[34mINFO[0m	controller/handler.go:25	[GoAdmin] access log	{"traceID": "ac1c01060063717703521505520001", "statuscode": "200", "method": "GET", "path": "/admin/login"}
2026-02-06T04:29:10.631Z	[34mINFO[0m	controller/handler.go:25	[GoAdmin] access log	{"traceID": "ac1c01060063717703521506220002", "statuscode": "200", "method": "GET", "path": "/admin/assets/login/dist/all.min.css"}
2026-02-06T04:29:10.631Z	[34mINFO[0m	controller/handler.go:25	[GoAdmin] access log	{"traceID": "ac1c01060063717703521506250003", "statuscode": "200", "method": "GET", "path": "/admin/assets/login/dist/all.min.js"}
2026-02-06T04:29:15.020Z	[34mINFO[0m	controller/handler.go:25	[GoAdmin] access log	{"traceID": "ac1c01060063717703521548570004", "statuscode": "200", "method": "POST", "path": "/admin/signin"}
2026-02-06T04:29:15.087Z	[34mINFO[0m	controller/handler.go:25	[GoAdmin] access log	{"traceID": "ac1c01060063717703521550870007", "statuscode": "200", "method": "GET", "path": "/admin/assets/dist/img/avatar04.png"}
2026-02-06T04:29:15.087Z	[34mINFO[0m	controller/handler.go:25	[GoAdmin] access log	{"traceID": "ac1c01060063717703521550840005", "statuscode": "200", "method": "GET", "path": "/admin/assets/dist/js/all.min.506636f003.js"}
2026-02-06T04:29:15.088Z	[34mINFO[0m	controller/handler.go:25	[GoAdmin] access log	{"traceID": "ac1c01060063717703521550870008", "statuscode": "200", "method": "GET", "path": "/admin/assets/dist/js/datatable.min.43c12443cf.js"}
2026-02-06T04:29:15.090Z	[34mINFO[0m	controller/handler.go:25	[GoAdmin] access log	{"traceID": "ac1c01060063717703521550850006", "statuscode": "200", "method": "GET", "path": "/admin/assets/dist/css/all.min.165468e1df.css"}
2026-02-06T04:29:15.093Z	[34mINFO[0m	controller/handler.go:25	[GoAdmin] access log	{"traceID": "ac1c01060063717703521550930009", "statuscode": "200", "method": "GET", "path": "/admin/assets/dist/js/tree.min.b68a8b6689.js"}
2026-02-06T04:29:15.110Z	[34mINFO[0m	controller/handler.go:25	[GoAdmin] access log	{"traceID": "ac1c01060063717703521551090011", "statuscode": "200", "method": "GET", "path": "/admin/assets/dist/js/treeview.min.3095cd8c12.js"}
2026-02-06T04:29:15.117Z	[34mINFO[0m	controller/handler.go:25	[GoAdmin] access log	{"traceID": "ac1c01060063717703521550990010", "statuscode": "200", "method": "GET", "path": "/admin/assets/dist/js/form.min.4022a41f70.js"}
2026-02-06T04:29:15.284Z	[34mINFO[0m	controller/handler.go:25	[GoAdmin] access log	{"traceID": "ac1c01060063717703521552830012", "statuscode": "200", "method": "GET", "path": "/admin/assets/chart.min.js"}
2026-02-06T04:29:15.288Z	[34mINFO[0m	controller/handler.go:25	[GoAdmin] access log	{"traceID": "ac1c01060063717703521552880013", "statuscode": "200", "method": "GET", "path": "/admin/assets/dist/js/all_2.min.1cd3070239.js"}
2026-02-06T04:29:15.296Z	[34mINFO[0m	controller/handler.go:25	[GoAdmin] access log	{"traceID": "ac1c01060063717703521552950014", "statuscode": "200", "method": "GET", "path": "/admin/assets/dist/fonts/fontawesome-webfont.woff2"}
2026-02-06T04:29:15.301Z	[34mINFO[0m	controller/handler.go:25	[GoAdmin] access log	{"traceID": "ac1c01060063717703521553000015", "statuscode": "200", "method": "GET", "path": "/admin/assets/dist/css/fonts/6xK3dSBYKcSV-LCoeQqfX1RYOo3qOK7g.ttf"}
2026-02-06T04:29:15.368Z	[34mINFO[0m	controller/handler.go:25	[GoAdmin] access log	{"traceID": "ac1c01060063717703521553680017", "statuscode": "200", "method": "GET", "path": "/admin/assets/dist/css/fonts/6xKydSBYKcSV-LCoeQqfX1RYOo3ik4zwlxdr.ttf"}
2026-02-06T04:29:15.368Z	[34mINFO[0m	controller/handler.go:25	[GoAdmin] access log	{"traceID": "ac1c01060063717703521553680018", "statuscode": "200", "method": "GET", "path": "/admin/assets/dist/css/fonts/6xKydSBYKcSV-LCoeQqfX1RYOo3ig4vwlxdr.ttf"}
2026-02-06T04:29:15.368Z	[34mINFO[0m	controller/handler.go:25	[GoAdmin] access log	{"traceID": "ac1c01060063717703521553680016", "statuscode": "200", "method": "GET", "path": "/admin/assets/dist/fonts/ionicons.ttf"}
2026-02-06T04:29:15.384Z	[34mINFO[0m	controller/handler.go:25	[GoAdmin] access log	{"traceID": "ac1c01060063717703521553840019", "statuscode": "200", "method": "GET", "path": "/admin/assets/dist/css/fonts/6xKydSBYKcSV-LCoeQqfX1RYOo3i54rwlxdr.ttf"}
2026-02-06T04:34:09.649Z	[34mINFO[0m	engine/engine.go:407	Initialize database connections
2026-02-06T04:34:09.659Z	[34mINFO[0m	engine/engine.go:407	Initialize configuration
2026-02-06T04:34:09.665Z	[34mINFO[0m	engine/engine.go:407	Initialize navigation buttons
2026-02-06T04:34:09.665Z	[34mINFO[0m	engine/engine.go:407	Initialize plugins
2026-02-06T04:34:09.665Z	[34mINFO[0m	engine/engine.go:407	Initialize success🍺🍺
2026-02-06T04:34:14.773Z	[34mINFO[0m	engine/engine.go:407	Initialize database connections
2026-02-06T04:34:14.780Z	[34mINFO[0m	engine/engine.go:407	Initialize configuration
2026-02-06T04:34:14.781Z	[34mINFO[0m	engine/engine.go:407	Initialize navigation buttons
2026-02-06T04:34:14.781Z	[34mINFO[0m	engine/engine.go:407	Initialize plugins
2026-02-06T04:34:14.781Z	[34mINFO[0m	engine/engine.go:407	Initialize success🍺🍺
2026-02-06T04:34:18.137Z	[34mINFO[0m	engine/engine.go:407	Initialize database connections
2026-02-06T04:34:18.142Z	[34mINFO[0m	engine/engine.go:407	Initialize configuration
2026-02-06T04:34:18.144Z	[34mINFO[0m	engine/engine.go:407	Initialize navigation buttons
2026-02-06T04:34:18.144Z	[34mINFO[0m	engine/engine.go:407	Initialize plugins
2026-02-06T04:34:18.144Z	[34mINFO[0m	engine/engine.go:407	Initialize success🍺🍺
2026-02-06T04:39:06.929Z	[34mINFO[0m	engine/engine.go:407	Initialize database connections
2026-02-06T04:39:06.940Z	[34mINFO[0m	engine/engine.go:407	Initialize configuration
2026-02-06T04:39:06.943Z	[34mINFO[0m	engine/engine.go:407	Initialize navigation buttons
2026-02-06T04:39:06.943Z	[34mINFO[0m	engine/engine.go:407	Initialize plugins
2026-02-06T04:39:06.943Z	[34mINFO[0m	engine/engine.go:407	Initialize success🍺🍺
2026-02-06T04:54:46.289Z	[34mINFO[0m	engine/engine.go:407	Initialize database connections
2026-02-06T04:54:46.295Z	[34mINFO[0m	engine/engine.go:407	Initialize configuration
2026-02-06T04:54:46.296Z	[34mINFO[0m	engine/engine.go:407	Initialize navigation buttons
2026-02-06T04:54:46.296Z	[34mINFO[0m	engine/engine.go:407	Initialize plugins
2026-02-06T04:54:46.297Z	[34mINFO[0m	engine/engine.go:407	Initialize success🍺🍺
2026-02-06T08:28:19.629Z	[34mINFO[0m	engine/engine.go:407	Initialize database connections
2026-02-06T08:28:19.638Z	[34mINFO[0m	engine/engine.go:407	Initialize configuration
2026-02-06T08:28:19.653Z	[34mINFO[0m	engine/engine.go:407	Initialize navigation buttons
2026-02-06T08:28:19.653Z	[34mINFO[0m	engine/engine.go:407	Initialize plugins
2026-02-06T08:28:19.653Z	[34mINFO[0m	engine/engine.go:407	Initialize success🍺🍺
2026-02-06T08:28:21.644Z	[34mINFO[0m	controller/handler.go:25	[GoAdmin] access log	{"traceID": "ac1c01030006117703665016420001", "statuscode": "200", "method": "GET", "path": "/admin/login"}
2026-02-06T08:28:21.713Z	[34mINFO[0m	controller/handler.go:25	[GoAdmin] access log	{"traceID": "ac1c01030006117703665017100003", "statuscode": "200", "method": "GET", "path": "/admin/assets/login/dist/all.min.js"}
2026-02-06T08:28:21.714Z	[34mINFO[0m	controller/handler.go:25	[GoAdmin] access log	{"traceID": "ac1c01030006117703665017100002", "statuscode": "200", "method": "GET", "path": "/admin/assets/login/dist/all.min.css"}
2026-02-07T19:47:18.094Z	[34mINFO[0m	engine/engine.go:407	Initialize database connections
2026-02-07T19:47:18.101Z	[34mINFO[0m	engine/engine.go:407	Initialize configuration
2026-02-07T19:47:18.102Z	[34mINFO[0m	engine/engine.go:407	Initialize navigation buttons
2026-02-07T19:47:18.102Z	[34mINFO[0m	engine/engine.go:407	Initialize plugins
2026-02-07T19:47:18.103Z	[34mINFO[0m	engine/engine.go:407	Initialize success🍺🍺
2026-02-09T10:15:06.981Z	[34mINFO[0m	engine/engine.go:407	Initialize database connections
2026-02-09T10:15:06.988Z	[34mINFO[0m	engine/engine.go:407	Initialize configuration
2026-02-09T10:15:07.000Z	[34mINFO[0m	engine/engine.go:407	Initialize navigation buttons
2026-02-09T10:15:07.000Z	[34mINFO[0m	engine/engine.go:407	Initialize plugins
2026-02-09T10:15:07.000Z	[34mINFO[0m	engine/engine.go:407	Initialize success🍺🍺
2026-02-10T18:14:14.882Z	[34mINFO[0m	engine/engine.go:407	Initialize database connections
2026-02-10T18:14:14.916Z	[34mINFO[0m	engine/engine.go:407	Initialize configuration
2026-02-10T18:14:14.944Z	[34mINFO[0m	engine/engine.go:407	Initialize navigation buttons
2026-02-10T18:14:14.944Z	[34mINFO[0m	engine/engine.go:407	Initialize plugins
2026-02-10T18:14:14.944Z	[34mINFO[0m	engine/engine.go:407	Initialize success🍺🍺
2026-02-10T18:15:13.283Z	[34mINFO[0m	engine/engine.go:407	Initialize database connections
2026-02-10T18:15:13.309Z	[34mINFO[0m	engine/engine.go:407	Initialize configuration
2026-02-10T18:15:13.311Z	[34mINFO[0m	engine/engine.go:407	Initialize navigation buttons
2026-02-10T18:15:13.311Z	[34mINFO[0m	engine/engine.go:407	Initialize plugins
2026-02-10T18:15:13.312Z	[34mINFO[0m	engine/engine.go:407	Initialize success🍺🍺
2026-02-13T08:41:04.592Z	[34mINFO[0m	controller/handler.go:25	[GoAdmin] access log	{"traceID": "ac1c01020005717709720645560001", "statuscode": "200", "method": "GET", "path": "/admin/login"}
2026-02-13T08:41:04.638Z	[34mINFO[0m	controller/handler.go:25	[GoAdmin] access log	{"traceID": "ac1c01020005717709720646280002", "statuscode": "200", "method": "GET", "path": "/admin/assets/login/dist/all.min.css"}
2026-02-13T08:41:04.639Z	[34mINFO[0m	controller/handler.go:25	[GoAdmin] access log	{"traceID": "ac1c01020005717709720646290003", "statuscode": "200", "method": "GET", "path": "/admin/assets/login/dist/all.min.js"}
2026-02-15T05:12:51.181Z	[34mINFO[0m	engine/engine.go:407	Initialize database connections
2026-02-15T05:12:51.196Z	[34mINFO[0m	engine/engine.go:407	Initialize configuration
2026-02-15T05:12:51.197Z	[34mINFO[0m	engine/engine.go:407	Initialize navigation buttons
2026-02-15T05:12:51.197Z	[34mINFO[0m	engine/engine.go:407	Initialize plugins
2026-02-15T05:12:51.197Z	[34mINFO[0m	engine/engine.go:407	Initialize success🍺🍺
2026-02-15T05:14:36.009Z	[34mINFO[0m	engine/engine.go:407	Initialize database connections
2026-02-15T05:14:36.014Z	[34mINFO[0m	engine/engine.go:407	Initialize configuration
2026-02-15T05:14:36.015Z	[34mINFO[0m	engine/engine.go:407	Initialize navigation buttons
2026-02-15T05:14:36.016Z	[34mINFO[0m	engine/engine.go:407	Initialize plugins
2026-02-15T05:14:36.016Z	[34mINFO[0m	engine/engine.go:407	Initialize success🍺🍺
2026-02-15T05:16:42.020Z	[34mINFO[0m	engine/engine.go:407	Initialize database connections
2026-02-15T05:16:42.034Z	[34mINFO[0m	engine/engine.go:407	Initialize configuration
2026-02-15T05:16:42.035Z	[34mINFO[0m	engine/engine.go:407	Initialize navigation buttons
2026-02-15T05:16:42.035Z	[34mINFO[0m	engine/engine.go:407	Initialize plugins
2026-02-15T05:16:42.035Z	[34mINFO[0m	engine/engine.go:407	Initialize success🍺🍺
2026-02-15T05:16:58.671Z	[34mINFO[0m	engine/engine.go:407	Initialize database connections
2026-02-15T05:16:58.676Z	[34mINFO[0m	engine/engine.go:407	Initialize configuration
2026-02-15T05:16:58.677Z	[34mINFO[0m	engine/engine.go:407	Initialize navigation buttons
2026-02-15T05:16:58.677Z	[34mINFO[0m	engine/engine.go:407	Initialize plugins
2026-02-15T05:16:58.677Z	[34mINFO[0m	engine/engine.go:407	Initialize success🍺🍺
2026-02-15T05:20:32.803Z	[34mINFO[0m	engine/engine.go:407	Initialize database connections
2026-02-15T05:20:32.809Z	[34mINFO[0m	engine/engine.go:407	Initialize configuration
2026-02-15T05:20:32.810Z	[34mINFO[0m	engine/engine.go:407	Initialize navigation buttons
2026-02-15T05:20:32.811Z	[34mINFO[0m	engine/engine.go:407	Initialize plugins
2026-02-15T05:20:32.811Z	[34mINFO[0m	engine/engine.go:407	Initialize success🍺🍺
2026-02-15T05:20:40.618Z	[34mINFO[0m	engine/engine.go:407	Initialize database connections
2026-02-15T05:20:40.622Z	[34mINFO[0m	engine/engine.go:407	Initialize configuration
2026-02-15T05:20:40.623Z	[34mINFO[0m	engine/engine.go:407	Initialize navigation buttons
2026-02-15T05:20:40.623Z	[34mINFO[0m	engine/engine.go:407	Initialize plugins
2026-02-15T05:20:40.623Z	[34mINFO[0m	engine/engine.go:407	Initialize success🍺🍺
2026-02-15T05:20:56.202Z	[34mINFO[0m	engine/engine.go:407	Initialize database connections
2026-02-15T05:20:56.207Z	[34mINFO[0m	engine/engine.go:407	Initialize configuration
2026-02-15T05:20:56.208Z	[34mINFO[0m	engine/engine.go:407	Initialize navigation buttons
2026-02-15T05:20:56.208Z	[34mINFO[0m	engine/engine.go:407	Initialize plugins
2026-02-15T05:20:56.208Z	[34mINFO[0m	engine/engine.go:407	Initialize success🍺🍺
2026-02-15T05:24:45.498Z	[34mINFO[0m	engine/engine.go:407	Initialize database connections
2026-02-15T05:24:45.503Z	[34mINFO[0m	engine/engine.go:407	Initialize configuration
2026-02-15T05:24:45.504Z	[34mINFO[0m	engine/engine.go:407	Initialize navigation buttons
2026-02-15T05:24:45.504Z	[34mINFO[0m	engine/engine.go:407	Initialize plugins
2026-02-15T05:24:45.504Z	[34mINFO[0m	engine/engine.go:407	Initialize success🍺🍺
2026-02-15T05:24:51.410Z	[34mINFO[0m	controller/handler.go:25	[GoAdmin] access log	{"traceID": "ac1c01021336117711330912390001", "statuscode": "200", "method": "POST", "path": "/admin/signin"}
2026-02-15T05:24:51.429Z	[34mINFO[0m	controller/handler.go:25	[GoAdmin] access log	{"traceID": "ac1c01021336117711330914280002", "statuscode": "200", "method": "GET", "path": "/admin/login"}
2026-02-15T05:24:51.442Z	[34mINFO[0m	controller/handler.go:25	[GoAdmin] access log	{"traceID": "ac1c01021336117711330914410003", "statuscode": "200", "method": "GET", "path": "/admin/assets/login/dist/all.min.js"}
2026-02-15T05:24:51.443Z	[34mINFO[0m	controller/handler.go:25	[GoAdmin] access log	{"traceID": "ac1c01021336117711330914410004", "statuscode": "200", "method": "GET", "path": "/admin/assets/login/dist/all.min.css"}
2026-02-15T05:24:58.953Z	[34mINFO[0m	controller/handler.go:25	[GoAdmin] access log	{"traceID": "ac1c01021336117711330988050005", "statuscode": "200", "method": "POST", "path": "/admin/signin"}
2026-02-15T05:24:59.014Z	[34mINFO[0m	controller/handler.go:25	[GoAdmin] access log	{"traceID": "ac1c01021336117711330990140008", "statuscode": "200", "method": "GET", "path": "/admin/assets/dist/img/avatar04.png"}
2026-02-15T05:24:59.017Z	[34mINFO[0m	controller/handler.go:25	[GoAdmin] access log	{"traceID": "ac1c01021336117711330990120006", "statuscode": "200", "method": "GET", "path": "/admin/assets/dist/js/all.min.506636f003.js"}
2026-02-15T05:24:59.019Z	[34mINFO[0m	controller/handler.go:25	[GoAdmin] access log	{"traceID": "ac1c01021336117711330990120007", "statuscode": "200", "method": "GET", "path": "/admin/assets/dist/css/all.min.165468e1df.css"}
2026-02-15T05:24:59.019Z	[34mINFO[0m	controller/handler.go:25	[GoAdmin] access log	{"traceID": "ac1c01021336117711330990190009", "statuscode": "200", "method": "GET", "path": "/admin/assets/dist/js/datatable.min.43c12443cf.js"}
2026-02-15T05:24:59.031Z	[34mINFO[0m	controller/handler.go:25	[GoAdmin] access log	{"traceID": "ac1c01021336117711330990240010", "statuscode": "200", "method": "GET", "path": "/admin/assets/dist/js/form.min.4022a41f70.js"}
2026-02-15T05:24:59.044Z	[34mINFO[0m	controller/handler.go:25	[GoAdmin] access log	{"traceID": "ac1c01021336117711330990440011", "statuscode": "200", "method": "GET", "path": "/admin/assets/dist/js/tree.min.b68a8b6689.js"}
2026-02-15T05:24:59.045Z	[34mINFO[0m	controller/handler.go:25	[GoAdmin] access log	{"traceID": "ac1c01021336117711330990450012", "statuscode": "200", "method": "GET", "path": "/admin/assets/dist/js/treeview.min.3095cd8c12.js"}
2026-02-15T05:24:59.049Z	[34mINFO[0m	controller/handler.go:25	[GoAdmin] access log	{"traceID": "ac1c01021336117711330990450013", "statuscode": "200", "method": "GET", "path": "/admin/assets/chart.min.js"}
2026-02-15T05:24:59.050Z	[34mINFO[0m	controller/handler.go:25	[GoAdmin] access log	{"traceID": "ac1c01021336117711330990490014", "statuscode": "200", "method": "GET", "path": "/admin/assets/dist/js/all_2.min.1cd3070239.js"}
2026-02-15T05:24:59.214Z	[34mINFO[0m	controller/handler.go:25	[GoAdmin] access log	{"traceID": "ac1c01021336117711330992140016", "statuscode": "200", "method": "GET", "path": "/admin/assets/dist/css/fonts/6xK3dSBYKcSV-LCoeQqfX1RYOo3qOK7g.ttf"}
2026-02-15T05:24:59.214Z	[34mINFO[0m	controller/handler.go:25	[GoAdmin] access log	{"traceID": "ac1c01021336117711330992140015", "statuscode": "200", "method": "GET", "path": "/admin/assets/dist/fonts/fontawesome-webfont.woff2"}
2026-02-15T05:24:59.251Z	[34mINFO[0m	controller/handler.go:25	[GoAdmin] access log	{"traceID": "ac1c01021336117711330992510018", "statuscode": "200", "method": "GET", "path": "/admin/assets/dist/css/fonts/6xKydSBYKcSV-LCoeQqfX1RYOo3ik4zwlxdr.ttf"}
2026-02-15T05:24:59.252Z	[34mINFO[0m	controller/handler.go:25	[GoAdmin] access log	{"traceID": "ac1c01021336117711330992510017", "statuscode": "200", "method": "GET", "path": "/admin/assets/dist/css/fonts/6xKydSBYKcSV-LCoeQqfX1RYOo3ig4vwlxdr.ttf"}
2026-02-15T05:24:59.252Z	[34mINFO[0m	controller/handler.go:25	[GoAdmin] access log	{"traceID": "ac1c01021336117711330992510019", "statuscode": "200", "method": "GET", "path": "/admin/assets/dist/fonts/ionicons.ttf"}
2026-02-15T05:24:59.265Z	[34mINFO[0m	controller/handler.go:25	[GoAdmin] access log	{"traceID": "ac1c01021336117711330992640020", "statuscode": "200", "method": "GET", "path": "/admin/assets/dist/css/fonts/6xKydSBYKcSV-LCoeQqfX1RYOo3i54rwlxdr.ttf"}
2026-02-15T05:26:04.652Z	[34mINFO[0m	controller/handler.go:25	[GoAdmin] access log	{"traceID": "ac1c01021336117711331646260021", "statuscode": "200", "method": "GET", "path": "/admin/menu"}
2026-02-15T05:28:34.446Z	[34mINFO[0m	controller/handler.go:25	[GoAdmin] access log	{"traceID": "ac1c01021336117711333144030022", "statuscode": "200", "method": "POST", "path": "/admin/menu/new"}
2026-02-15T05:28:39.869Z	[34mINFO[0m	controller/handler.go:25	[GoAdmin] access log	{"traceID": "ac1c01021336117711333198570023", "statuscode": "200", "method": "POST", "path": "/admin/menu/order"}
2026-02-15T05:28:39.896Z	[34mINFO[0m	controller/handler.go:25	[GoAdmin] access log	{"traceID": "ac1c01021336117711333198770024", "statuscode": "200", "method": "GET", "path": "/admin/menu"}
2026-02-15T05:28:43.157Z	[34mINFO[0m	controller/handler.go:25	[GoAdmin] access log	{"traceID": "ac1c01021336117711333231370025", "statuscode": "200", "method": "GET", "path": "/admin/menu"}
2026-02-15T05:28:46.107Z	[34mINFO[0m	controller/handler.go:25	[GoAdmin] access log	{"traceID": "ac1c01021336117711333260760026", "statuscode": "200", "method": "GET", "path": "/admin/info/categories"}
2026-02-15T05:31:19.144Z	[34mINFO[0m	engine/engine.go:407	Initialize database connections
2026-02-15T05:31:19.150Z	[34mINFO[0m	engine/engine.go:407	Initialize configuration
2026-02-15T05:31:19.151Z	[34mINFO[0m	engine/engine.go:407	Initialize navigation buttons
2026-02-15T05:31:19.151Z	[34mINFO[0m	engine/engine.go:407	Initialize plugins
2026-02-15T05:31:19.151Z	[34mINFO[0m	engine/engine.go:407	Initialize success🍺🍺
2026-02-15T05:31:23.464Z	[34mINFO[0m	controller/handler.go:25	[GoAdmin] access log	{"traceID": "ac1c01021758817711334834270001", "statuscode": "200", "method": "GET", "path": "/admin/info/categories"}
2026-02-15T05:31:23.539Z	[34mINFO[0m	controller/handler.go:25	[GoAdmin] access log	{"traceID": "ac1c01021758817711334835380002", "statuscode": "200", "method": "GET", "path": "/admin/assets/dist/css/blue@2x.png"}
2026-02-15T05:32:35.578Z	[34mINFO[0m	controller/handler.go:25	[GoAdmin] access log	{"traceID": "ac1c01021758817711335555410003", "statuscode": "200", "method": "GET", "path": "/admin/info/categories"}
2026-02-15T05:36:19.031Z	[34mINFO[0m	engine/engine.go:407	Initialize database connections
2026-02-15T05:36:19.038Z	[34mINFO[0m	engine/engine.go:407	Initialize configuration
2026-02-15T05:36:19.040Z	[34mINFO[0m	engine/engine.go:407	Initialize navigation buttons
2026-02-15T05:36:19.040Z	[34mINFO[0m	engine/engine.go:407	Initialize plugins
2026-02-15T05:36:19.040Z	[34mINFO[0m	engine/engine.go:407	Initialize success🍺🍺
2026-02-15T05:36:23.988Z	[34mINFO[0m	controller/handler.go:25	[GoAdmin] access log	{"traceID": "ac1c01022196417711337839380001", "statuscode": "200", "method": "GET", "path": "/admin/info/categories"}
2026-02-15T05:36:27.551Z	[34mINFO[0m	controller/handler.go:25	[GoAdmin] access log	{"traceID": "ac1c01022196417711337875170002", "statuscode": "200", "method": "GET", "path": "/admin/info/categories/new"}
2026-02-15T05:36:30.672Z	[34mINFO[0m	controller/handler.go:25	[GoAdmin] access log	{"traceID": "ac1c01022196417711337906580003", "statuscode": "200", "method": "GET", "path": "/admin/info/categories"}
2026-02-15T05:43:06.517Z	[34mINFO[0m	engine/engine.go:407	Initialize database connections
2026-02-15T05:43:06.523Z	[34mINFO[0m	engine/engine.go:407	Initialize configuration
2026-02-15T05:43:06.524Z	[34mINFO[0m	engine/engine.go:407	Initialize navigation buttons
2026-02-15T05:43:06.524Z	[34mINFO[0m	engine/engine.go:407	Initialize plugins
2026-02-15T05:43:06.524Z	[34mINFO[0m	engine/engine.go:407	Initialize success🍺🍺
2026-02-15T05:43:29.713Z	[34mINFO[0m	engine/engine.go:407	Initialize database connections
2026-02-15T05:43:29.719Z	[34mINFO[0m	engine/engine.go:407	Initialize configuration
2026-02-15T05:43:29.720Z	[34mINFO[0m	engine/engine.go:407	Initialize navigation buttons
2026-02-15T05:43:29.720Z	[34mINFO[0m	engine/engine.go:407	Initialize plugins
2026-02-15T05:43:29.720Z	[34mINFO[0m	engine/engine.go:407	Initialize success🍺🍺
2026-02-15T05:43:39.301Z	[34mINFO[0m	engine/engine.go:407	Initialize database connections
2026-02-15T05:43:39.304Z	[34mINFO[0m	engine/engine.go:407	Initialize configuration
2026-02-15T05:43:39.305Z	[34mINFO[0m	engine/engine.go:407	Initialize navigation buttons
2026-02-15T05:43:39.305Z	[34mINFO[0m	engine/engine.go:407	Initialize plugins
2026-02-15T05:43:39.305Z	[34mINFO[0m	engine/engine.go:407	Initialize success🍺🍺
2026-02-15T05:44:54.443Z	[34mINFO[0m	engine/engine.go:407	Initialize database connections
2026-02-15T05:44:54.449Z	[34mINFO[0m	engine/engine.go:407	Initialize configuration
2026-02-15T05:44:54.450Z	[34mINFO[0m	engine/engine.go:407	Initialize navigation buttons
2026-02-15T05:44:54.450Z	[34mINFO[0m	engine/engine.go:407	Initialize plugins
2026-02-15T05:44:54.450Z	[34mINFO[0m	engine/engine.go:407	Initialize success🍺🍺
2026-02-15T05:45:05.527Z	[34mINFO[0m	engine/engine.go:407	Initialize database connections
2026-02-15T05:45:05.532Z	[34mINFO[0m	engine/engine.go:407	Initialize configuration
2026-02-15T05:45:05.533Z	[34mINFO[0m	engine/engine.go:407	Initialize navigation buttons
2026-02-15T05:45:05.533Z	[34mINFO[0m	engine/engine.go:407	Initialize plugins
2026-02-15T05:45:05.533Z	[34mINFO[0m	engine/engine.go:407	Initialize success🍺🍺
2026-02-15T05:45:13.650Z	[34mINFO[0m	engine/engine.go:407	Initialize database connections
2026-02-15T05:45:13.655Z	[34mINFO[0m	engine/engine.go:407	Initialize configuration
2026-02-15T05:45:13.656Z	[34mINFO[0m	engine/engine.go:407	Initialize navigation buttons
2026-02-15T05:45:13.657Z	[34mINFO[0m	engine/engine.go:407	Initialize plugins
2026-02-15T05:45:13.657Z	[34mINFO[0m	engine/engine.go:407	Initialize success🍺🍺
2026-02-15T05:45:39.874Z	[34mINFO[0m	controller/handler.go:25	[GoAdmin] access log	{"traceID": "ac1c01022853517711343398530001", "statuscode": "200", "method": "GET", "path": "/admin/info/categories"}
2026-02-15T05:46:00.920Z	[34mINFO[0m	engine/engine.go:407	Initialize database connections
2026-02-15T05:46:00.925Z	[34mINFO[0m	engine/engine.go:407	Initialize configuration
2026-02-15T05:46:00.926Z	[34mINFO[0m	engine/engine.go:407	Initialize navigation buttons
2026-02-15T05:46:00.927Z	[34mINFO[0m	engine/engine.go:407	Initialize plugins
2026-02-15T05:46:00.927Z	[34mINFO[0m	engine/engine.go:407	Initialize success🍺🍺
2026-02-15T05:46:04.440Z	[34mINFO[0m	controller/handler.go:25	[GoAdmin] access log	{"traceID": "ac1c01022919217711343644110001", "statuscode": "200", "method": "GET", "path": "/admin/info/categories"}
2026-02-15T05:48:45.059Z	[34mINFO[0m	engine/engine.go:407	Initialize database connections
2026-02-15T05:48:45.068Z	[34mINFO[0m	engine/engine.go:407	Initialize configuration
2026-02-15T05:48:45.069Z	[34mINFO[0m	engine/engine.go:407	Initialize navigation buttons
2026-02-15T05:48:45.069Z	[34mINFO[0m	engine/engine.go:407	Initialize plugins
2026-02-15T05:48:45.069Z	[34mINFO[0m	engine/engine.go:407	Initialize success🍺🍺
2026-02-15T05:49:39.138Z	[34mINFO[0m	engine/engine.go:407	Initialize database connections
2026-02-15T05:49:39.143Z	[34mINFO[0m	engine/engine.go:407	Initialize configuration
2026-02-15T05:49:39.144Z	[34mINFO[0m	engine/engine.go:407	Initialize navigation buttons
2026-02-15T05:49:39.144Z	[34mINFO[0m	engine/engine.go:407	Initialize plugins
2026-02-15T05:49:39.144Z	[34mINFO[0m	engine/engine.go:407	Initialize success🍺🍺
2026-02-15T05:50:08.512Z	[34mINFO[0m	engine/engine.go:407	Initialize database connections
2026-02-15T05:50:08.521Z	[34mINFO[0m	engine/engine.go:407	Initialize configuration
2026-02-15T05:50:08.522Z	[34mINFO[0m	engine/engine.go:407	Initialize navigation buttons
2026-02-15T05:50:08.522Z	[34mINFO[0m	engine/engine.go:407	Initialize plugins
2026-02-15T05:50:08.522Z	[34mINFO[0m	engine/engine.go:407	Initialize success🍺🍺
2026-02-15T05:50:18.086Z	[34mINFO[0m	engine/engine.go:407	Initialize database connections
2026-02-15T05:50:18.090Z	[34mINFO[0m	engine/engine.go:407	Initialize configuration
2026-02-15T05:50:18.091Z	[34mINFO[0m	engine/engine.go:407	Initialize navigation buttons
2026-02-15T05:50:18.091Z	[34mINFO[0m	engine/engine.go:407	Initialize plugins
2026-02-15T05:50:18.091Z	[34mINFO[0m	engine/engine.go:407	Initialize success🍺🍺
2026-02-15T05:50:28.308Z	[34mINFO[0m	engine/engine.go:407	Initialize database connections
2026-02-15T05:50:28.314Z	[34mINFO[0m	engine/engine.go:407	Initialize configuration
2026-02-15T05:50:28.315Z	[34mINFO[0m	engine/engine.go:407	Initialize navigation buttons
2026-02-15T05:50:28.315Z	[34mINFO[0m	engine/engine.go:407	Initialize plugins
2026-02-15T05:50:28.315Z	[34mINFO[0m	engine/engine.go:407	Initialize success🍺🍺
2026-02-15T05:50:36.488Z	[34mINFO[0m	controller/handler.go:25	[GoAdmin] access log	{"traceID": "ac1c01023270617711346364530001", "statuscode": "200", "method": "GET", "path": "/admin/info/categories"}
2026-02-15T05:51:26.760Z	[34mINFO[0m	engine/engine.go:407	Initialize database connections
2026-02-15T05:51:26.766Z	[34mINFO[0m	engine/engine.go:407	Initialize configuration
2026-02-15T05:51:26.767Z	[34mINFO[0m	engine/engine.go:407	Initialize navigation buttons
2026-02-15T05:51:26.767Z	[34mINFO[0m	engine/engine.go:407	Initialize plugins
2026-02-15T05:51:26.767Z	[34mINFO[0m	engine/engine.go:407	Initialize success🍺🍺
2026-02-15T05:51:35.534Z	[34mINFO[0m	controller/handler.go:25	[GoAdmin] access log	{"traceID": "ac1c01023346217711346955090001", "statuscode": "200", "method": "GET", "path": "/admin/info/categories"}
2026-02-15T05:53:41.426Z	[34mINFO[0m	engine/engine.go:407	Initialize database connections
2026-02-15T05:53:41.432Z	[34mINFO[0m	engine/engine.go:407	Initialize configuration
2026-02-15T05:53:41.433Z	[34mINFO[0m	engine/engine.go:407	Initialize navigation buttons
2026-02-15T05:53:41.433Z	[34mINFO[0m	engine/engine.go:407	Initialize plugins
2026-02-15T05:53:41.433Z	[34mINFO[0m	engine/engine.go:407	Initialize success🍺🍺
2026-02-15T05:54:00.990Z	[34mINFO[0m	engine/engine.go:407	Initialize database connections
2026-02-15T05:54:00.993Z	[34mINFO[0m	engine/engine.go:407	Initialize configuration
2026-02-15T05:54:00.994Z	[34mINFO[0m	engine/engine.go:407	Initialize navigation buttons
2026-02-15T05:54:00.995Z	[34mINFO[0m	engine/engine.go:407	Initialize plugins
2026-02-15T05:54:00.995Z	[34mINFO[0m	engine/engine.go:407	Initialize success🍺🍺
2026-02-15T05:54:04.505Z	[34mINFO[0m	engine/engine.go:407	Initialize database connections
2026-02-15T05:54:04.512Z	[34mINFO[0m	engine/engine.go:407	Initialize configuration
2026-02-15T05:54:04.513Z	[34mINFO[0m	engine/engine.go:407	Initialize navigation buttons
2026-02-15T05:54:04.513Z	[34mINFO[0m	engine/engine.go:407	Initialize plugins
2026-02-15T05:54:04.513Z	[34mINFO[0m	engine/engine.go:407	Initialize success🍺🍺
2026-02-15T06:13:23.658Z	[34mINFO[0m	engine/engine.go:407	Initialize database connections
2026-02-15T06:13:23.664Z	[34mINFO[0m	engine/engine.go:407	Initialize configuration
2026-02-15T06:13:23.666Z	[34mINFO[0m	engine/engine.go:407	Initialize navigation buttons
2026-02-15T06:13:23.666Z	[34mINFO[0m	engine/engine.go:407	Initialize plugins
2026-02-15T06:13:23.666Z	[34mINFO[0m	engine/engine.go:407	Initialize success🍺🍺
2026-02-15T06:13:37.272Z	[34mINFO[0m	engine/engine.go:407	Initialize database connections
2026-02-15T06:13:37.281Z	[34mINFO[0m	engine/engine.go:407	Initialize configuration
2026-02-15T06:13:37.282Z	[34mINFO[0m	engine/engine.go:407	Initialize navigation buttons
2026-02-15T06:13:37.282Z	[34mINFO[0m	engine/engine.go:407	Initialize plugins
2026-02-15T06:13:37.283Z	[34mINFO[0m	engine/engine.go:407	Initialize success🍺🍺
2026-02-15T06:13:39.706Z	[34mINFO[0m	engine/engine.go:407	Initialize database connections
2026-02-15T06:13:39.709Z	[34mINFO[0m	engine/engine.go:407	Initialize configuration
2026-02-15T06:13:39.710Z	[34mINFO[0m	engine/engine.go:407	Initialize navigation buttons
2026-02-15T06:13:39.711Z	[34mINFO[0m	engine/engine.go:407	Initialize plugins
2026-02-15T06:13:39.711Z	[34mINFO[0m	engine/engine.go:407	Initialize success🍺🍺
2026-02-15T06:13:42.695Z	[34mINFO[0m	engine/engine.go:407	Initialize database connections
2026-02-15T06:13:42.698Z	[34mINFO[0m	engine/engine.go:407	Initialize configuration
2026-02-15T06:13:42.699Z	[34mINFO[0m	engine/engine.go:407	Initialize navigation buttons
2026-02-15T06:13:42.699Z	[34mINFO[0m	engine/engine.go:407	Initialize plugins
2026-02-15T06:13:42.699Z	[34mINFO[0m	engine/engine.go:407	Initialize success🍺🍺
2026-02-15T06:13:47.018Z	[34mINFO[0m	engine/engine.go:407	Initialize database connections
2026-02-15T06:13:47.022Z	[34mINFO[0m	engine/engine.go:407	Initialize configuration
2026-02-15T06:13:47.023Z	[34mINFO[0m	engine/engine.go:407	Initialize navigation buttons
2026-02-15T06:13:47.023Z	[34mINFO[0m	engine/engine.go:407	Initialize plugins
2026-02-15T06:13:47.023Z	[34mINFO[0m	engine/engine.go:407	Initialize success🍺🍺
2026-02-15T06:14:04.547Z	[34mINFO[0m	controller/handler.go:25	[GoAdmin] access log	{"traceID": "ac1c01024980817711360445100001", "statuscode": "200", "method": "GET", "path": "/admin/info/categories"}
2026-02-15T06:14:06.206Z	[34mINFO[0m	controller/handler.go:25	[GoAdmin] access log	{"traceID": "ac1c01024980817711360461850002", "statuscode": "200", "method": "GET", "path": "/admin/info/categories/new"}
2026-02-15T06:14:29.536Z	[34mINFO[0m	engine/engine.go:407	Initialize database connections
2026-02-15T06:14:29.546Z	[34mINFO[0m	engine/engine.go:407	Initialize configuration
2026-02-15T06:14:29.547Z	[34mINFO[0m	engine/engine.go:407	Initialize navigation buttons
2026-02-15T06:14:29.547Z	[34mINFO[0m	engine/engine.go:407	Initialize plugins
2026-02-15T06:14:29.547Z	[34mINFO[0m	engine/engine.go:407	Initialize success🍺🍺
2026-02-15T06:14:38.819Z	[34mINFO[0m	engine/engine.go:407	Initialize database connections
2026-02-15T06:14:38.822Z	[34mINFO[0m	engine/engine.go:407	Initialize configuration
2026-02-15T06:14:38.823Z	[34mINFO[0m	engine/engine.go:407	Initialize navigation buttons
2026-02-15T06:14:38.824Z	[34mINFO[0m	engine/engine.go:407	Initialize plugins
2026-02-15T06:14:38.824Z	[34mINFO[0m	engine/engine.go:407	Initialize success🍺🍺
2026-02-15T06:20:58.505Z	[34mINFO[0m	engine/engine.go:407	Initialize database connections
2026-02-15T06:20:58.509Z	[34mINFO[0m	engine/engine.go:407	Initialize configuration
2026-02-15T06:20:58.510Z	[34mINFO[0m	engine/engine.go:407	Initialize navigation buttons
2026-02-15T06:20:58.511Z	[34mINFO[0m	engine/engine.go:407	Initialize plugins
2026-02-15T06:20:58.511Z	[34mINFO[0m	engine/engine.go:407	Initialize success🍺🍺
2026-02-15T06:21:02.923Z	[34mINFO[0m	engine/engine.go:407	Initialize database connections
2026-02-15T06:21:02.927Z	[34mINFO[0m	engine/engine.go:407	Initialize configuration
2026-02-15T06:21:02.928Z	[34mINFO[0m	engine/engine.go:407	Initialize navigation buttons
2026-02-15T06:21:02.928Z	[34mINFO[0m	engine/engine.go:407	Initialize plugins
2026-02-15T06:21:02.929Z	[34mINFO[0m	engine/engine.go:407	Initialize success🍺🍺
2026-02-15T06:21:44.064Z	[34mINFO[0m	engine/engine.go:407	Initialize database connections
2026-02-15T06:21:44.069Z	[34mINFO[0m	engine/engine.go:407	Initialize configuration
2026-02-15T06:21:44.070Z	[34mINFO[0m	engine/engine.go:407	Initialize navigation buttons
2026-02-15T06:21:44.071Z	[34mINFO[0m	engine/engine.go:407	Initialize plugins
2026-02-15T06:21:44.071Z	[34mINFO[0m	engine/engine.go:407	Initialize success🍺🍺
2026-02-15T06:21:46.858Z	[34mINFO[0m	engine/engine.go:407	Initialize database connections
2026-02-15T06:21:46.862Z	[34mINFO[0m	engine/engine.go:407	Initialize configuration
2026-02-15T06:21:46.863Z	[34mINFO[0m	engine/engine.go:407	Initialize navigation buttons
2026-02-15T06:21:46.863Z	[34mINFO[0m	engine/engine.go:407	Initialize plugins
2026-02-15T06:21:46.863Z	[34mINFO[0m	engine/engine.go:407	Initialize success🍺🍺
2026-02-15T06:22:04.196Z	[34mINFO[0m	engine/engine.go:407	Initialize database connections
2026-02-15T06:22:04.202Z	[34mINFO[0m	engine/engine.go:407	Initialize configuration
2026-02-15T06:22:04.203Z	[34mINFO[0m	engine/engine.go:407	Initialize navigation buttons
2026-02-15T06:22:04.204Z	[34mINFO[0m	engine/engine.go:407	Initialize plugins
2026-02-15T06:22:04.204Z	[34mINFO[0m	engine/engine.go:407	Initialize success🍺🍺
2026-02-15T06:22:09.792Z	[34mINFO[0m	engine/engine.go:407	Initialize database connections
2026-02-15T06:22:09.795Z	[34mINFO[0m	engine/engine.go:407	Initialize configuration
2026-02-15T06:22:09.797Z	[34mINFO[0m	engine/engine.go:407	Initialize navigation buttons
2026-02-15T06:22:09.797Z	[34mINFO[0m	engine/engine.go:407	Initialize plugins
2026-02-15T06:22:09.797Z	[34mINFO[0m	engine/engine.go:407	Initialize success🍺🍺
2026-02-15T06:22:14.068Z	[34mINFO[0m	engine/engine.go:407	Initialize database connections
2026-02-15T06:22:14.072Z	[34mINFO[0m	engine/engine.go:407	Initialize configuration
2026-02-15T06:22:14.074Z	[34mINFO[0m	engine/engine.go:407	Initialize navigation buttons
2026-02-15T06:22:14.074Z	[34mINFO[0m	engine/engine.go:407	Initialize plugins
2026-02-15T06:22:14.074Z	[34mINFO[0m	engine/engine.go:407	Initialize success🍺🍺
2026-02-15T06:22:30.102Z	[34mINFO[0m	engine/engine.go:407	Initialize database connections
2026-02-15T06:22:30.107Z	[34mINFO[0m	engine/engine.go:407	Initialize configuration
2026-02-15T06:22:30.108Z	[34mINFO[0m	engine/engine.go:407	Initialize navigation buttons
2026-02-15T06:22:30.108Z	[34mINFO[0m	engine/engine.go:407	Initialize plugins
2026-02-15T06:22:30.108Z	[34mINFO[0m	engine/engine.go:407	Initialize success🍺🍺
2026-02-15T06:22:34.765Z	[34mINFO[0m	engine/engine.go:407	Initialize database connections
2026-02-15T06:22:34.769Z	[34mINFO[0m	engine/engine.go:407	Initialize configuration
2026-02-15T06:22:34.770Z	[34mINFO[0m	engine/engine.go:407	Initialize navigation buttons
2026-02-15T06:22:34.770Z	[34mINFO[0m	engine/engine.go:407	Initialize plugins
2026-02-15T06:22:34.770Z	[34mINFO[0m	engine/engine.go:407	Initialize success🍺🍺
2026-02-15T06:22:49.264Z	[34mINFO[0m	engine/engine.go:407	Initialize database connections
2026-02-15T06:22:49.268Z	[34mINFO[0m	engine/engine.go:407	Initialize configuration
2026-02-15T06:22:49.268Z	[34mINFO[0m	engine/engine.go:407	Initialize navigation buttons
2026-02-15T06:22:49.269Z	[34mINFO[0m	engine/engine.go:407	Initialize plugins
2026-02-15T06:22:49.269Z	[34mINFO[0m	engine/engine.go:407	Initialize success🍺🍺
2026-02-15T06:22:52.827Z	[34mINFO[0m	engine/engine.go:407	Initialize database connections
2026-02-15T06:22:52.831Z	[34mINFO[0m	engine/engine.go:407	Initialize configuration
2026-02-15T06:22:52.832Z	[34mINFO[0m	engine/engine.go:407	Initialize navigation buttons
2026-02-15T06:22:52.832Z	[34mINFO[0m	engine/engine.go:407	Initialize plugins
2026-02-15T06:22:52.832Z	[34mINFO[0m	engine/engine.go:407	Initialize success🍺🍺
2026-02-15T06:25:00.756Z	[34mINFO[0m	engine/engine.go:407	Initialize database connections
2026-02-15T06:25:00.765Z	[34mINFO[0m	engine/engine.go:407	Initialize configuration
2026-02-15T06:25:00.766Z	[34mINFO[0m	engine/engine.go:407	Initialize navigation buttons
2026-02-15T06:25:00.767Z	[34mINFO[0m	engine/engine.go:407	Initialize plugins
2026-02-15T06:25:00.767Z	[34mINFO[0m	engine/engine.go:407	Initialize success🍺🍺
2026-02-15T06:25:08.034Z	[34mINFO[0m	engine/engine.go:407	Initialize database connections
2026-02-15T06:25:08.038Z	[34mINFO[0m	engine/engine.go:407	Initialize configuration
2026-02-15T06:25:08.039Z	[34mINFO[0m	engine/engine.go:407	Initialize navigation buttons
2026-02-15T06:25:08.039Z	[34mINFO[0m	engine/engine.go:407	Initialize plugins
2026-02-15T06:25:08.039Z	[34mINFO[0m	engine/engine.go:407	Initialize success🍺🍺
2026-02-15T06:25:27.510Z	[34mINFO[0m	engine/engine.go:407	Initialize database connections
2026-02-15T06:25:27.522Z	[34mINFO[0m	engine/engine.go:407	Initialize configuration
2026-02-15T06:25:27.523Z	[34mINFO[0m	engine/engine.go:407	Initialize navigation buttons
2026-02-15T06:25:27.523Z	[34mINFO[0m	engine/engine.go:407	Initialize plugins
2026-02-15T06:25:27.523Z	[34mINFO[0m	engine/engine.go:407	Initialize success🍺🍺
2026-02-15T06:25:56.035Z	[34mINFO[0m	engine/engine.go:407	Initialize database connections
2026-02-15T06:25:56.041Z	[34mINFO[0m	engine/engine.go:407	Initialize configuration
2026-02-15T06:25:56.042Z	[34mINFO[0m	engine/engine.go:407	Initialize navigation buttons
2026-02-15T06:25:56.042Z	[34mINFO[0m	engine/engine.go:407	Initialize plugins
2026-02-15T06:25:56.042Z	[34mINFO[0m	engine/engine.go:407	Initialize success🍺🍺
2026-02-15T06:26:03.190Z	[34mINFO[0m	engine/engine.go:407	Initialize database connections
2026-02-15T06:26:03.193Z	[34mINFO[0m	engine/engine.go:407	Initialize configuration
2026-02-15T06:26:03.194Z	[34mINFO[0m	engine/engine.go:407	Initialize navigation buttons
2026-02-15T06:26:03.195Z	[34mINFO[0m	engine/engine.go:407	Initialize plugins
2026-02-15T06:26:03.195Z	[34mINFO[0m	engine/engine.go:407	Initialize success🍺🍺
2026-02-15T06:26:09.017Z	[34mINFO[0m	engine/engine.go:407	Initialize database connections
2026-02-15T06:26:09.021Z	[34mINFO[0m	engine/engine.go:407	Initialize configuration
2026-02-15T06:26:09.022Z	[34mINFO[0m	engine/engine.go:407	Initialize navigation buttons
2026-02-15T06:26:09.022Z	[34mINFO[0m	engine/engine.go:407	Initialize plugins
2026-02-15T06:26:09.022Z	[34mINFO[0m	engine/engine.go:407	Initialize success🍺🍺
2026-02-15T06:26:28.817Z	[34mINFO[0m	engine/engine.go:407	Initialize database connections
2026-02-15T06:26:28.840Z	[34mINFO[0m	engine/engine.go:407	Initialize configuration
2026-02-15T06:26:28.852Z	[34mINFO[0m	engine/engine.go:407	Initialize navigation buttons
2026-02-15T06:26:28.852Z	[34mINFO[0m	engine/engine.go:407	Initialize plugins
2026-02-15T06:26:28.853Z	[34mINFO[0m	engine/engine.go:407	Initialize success🍺🍺
2026-02-15T06:26:41.603Z	[34mINFO[0m	engine/engine.go:407	Initialize database connections
2026-02-15T06:26:41.607Z	[34mINFO[0m	engine/engine.go:407	Initialize configuration
2026-02-15T06:26:41.608Z	[34mINFO[0m	engine/engine.go:407	Initialize navigation buttons
2026-02-15T06:26:41.608Z	[34mINFO[0m	engine/engine.go:407	Initialize plugins
2026-02-15T06:26:41.608Z	[34mINFO[0m	engine/engine.go:407	Initialize success🍺🍺
2026-02-15T06:26:47.762Z	[34mINFO[0m	engine/engine.go:407	Initialize database connections
2026-02-15T06:26:47.766Z	[34mINFO[0m	engine/engine.go:407	Initialize configuration
2026-02-15T06:26:47.767Z	[34mINFO[0m	engine/engine.go:407	Initialize navigation buttons
2026-02-15T06:26:47.767Z	[34mINFO[0m	engine/engine.go:407	Initialize plugins
2026-02-15T06:26:47.767Z	[34mINFO[0m	engine/engine.go:407	Initialize success🍺🍺
2026-02-15T06:26:53.570Z	[34mINFO[0m	controller/handler.go:25	[GoAdmin] access log	{"traceID": "ac1c01026265817711368135210001", "statuscode": "200", "method": "GET", "path": "/admin/info/categories"}
2026-02-15T06:26:55.150Z	[34mINFO[0m	controller/handler.go:25	[GoAdmin] access log	{"traceID": "ac1c01026265817711368151150002", "statuscode": "200", "method": "GET", "path": "/admin/info/categories/new"}
2026-02-15T06:26:55.167Z	[34mINFO[0m	controller/handler.go:25	[GoAdmin] access log	{"traceID": "ac1c01026265817711368151670003", "statuscode": "200", "method": "GET", "path": "/admin/assets/dist/fonts/glyphicons-halflings-regular.woff2"}
2026-02-15T06:27:10.717Z	[34mINFO[0m	engine/engine.go:407	Initialize database connections
2026-02-15T06:27:10.721Z	[34mINFO[0m	engine/engine.go:407	Initialize configuration
2026-02-15T06:27:10.722Z	[34mINFO[0m	engine/engine.go:407	Initialize navigation buttons
2026-02-15T06:27:10.722Z	[34mINFO[0m	engine/engine.go:407	Initialize plugins
2026-02-15T06:27:10.722Z	[34mINFO[0m	engine/engine.go:407	Initialize success🍺🍺
2026-02-15T06:27:31.290Z	[34mINFO[0m	engine/engine.go:407	Initialize database connections
2026-02-15T06:27:31.296Z	[34mINFO[0m	engine/engine.go:407	Initialize configuration
2026-02-15T06:27:31.297Z	[34mINFO[0m	engine/engine.go:407	Initialize navigation buttons
2026-02-15T06:27:31.297Z	[34mINFO[0m	engine/engine.go:407	Initialize plugins
2026-02-15T06:27:31.298Z	[34mINFO[0m	engine/engine.go:407	Initialize success🍺🍺
2026-02-15T06:27:33.781Z	[34mINFO[0m	engine/engine.go:407	Initialize database connections
2026-02-15T06:27:33.786Z	[34mINFO[0m	engine/engine.go:407	Initialize configuration
2026-02-15T06:27:33.787Z	[34mINFO[0m	engine/engine.go:407	Initialize navigation buttons
2026-02-15T06:27:33.787Z	[34mINFO[0m	engine/engine.go:407	Initialize plugins
2026-02-15T06:27:33.788Z	[34mINFO[0m	engine/engine.go:407	Initialize success🍺🍺
2026-02-15T06:27:36.515Z	[34mINFO[0m	controller/handler.go:25	[GoAdmin] access log	{"traceID": "ac1c01026362517711368564590001", "statuscode": "200", "method": "GET", "path": "/admin/info/categories"}
2026-02-15T06:27:37.360Z	[34mINFO[0m	controller/handler.go:25	[GoAdmin] access log	{"traceID": "ac1c01026362517711368573400002", "statuscode": "200", "method": "GET", "path": "/admin/info/categories/new"}
2026-02-15T06:28:26.655Z	[34mINFO[0m	controller/handler.go:25	[GoAdmin] access log	{"traceID": "ac1c01026362517711369066480003", "statuscode": "200", "method": "GET", "path": "/admin/assets/dist/img/loading.gif"}
2026-02-15T06:28:49.608Z	[34mINFO[0m	controller/handler.go:25	[GoAdmin] access log	{"traceID": "ac1c01026362517711369295260004", "statuscode": "200", "method": "POST", "path": "/admin/new/categories"}
2026-02-15T06:34:11.317Z	[34mINFO[0m	engine/engine.go:407	Initialize database connections
2026-02-15T06:34:11.323Z	[34mINFO[0m	engine/engine.go:407	Initialize configuration
2026-02-15T06:34:11.325Z	[34mINFO[0m	engine/engine.go:407	Initialize navigation buttons
2026-02-15T06:34:11.325Z	[34mINFO[0m	engine/engine.go:407	Initialize plugins
2026-02-15T06:34:11.325Z	[34mINFO[0m	engine/engine.go:407	Initialize success🍺🍺
2026-02-15T06:37:21.631Z	[34mINFO[0m	engine/engine.go:407	Initialize database connections
2026-02-15T06:37:21.647Z	[34mINFO[0m	engine/engine.go:407	Initialize configuration
2026-02-15T06:37:21.648Z	[34mINFO[0m	engine/engine.go:407	Initialize navigation buttons
2026-02-15T06:37:21.648Z	[34mINFO[0m	engine/engine.go:407	Initialize plugins
2026-02-15T06:37:21.648Z	[34mINFO[0m	engine/engine.go:407	Initialize success🍺🍺
2026-02-15T06:37:26.891Z	[34mINFO[0m	engine/engine.go:407	Initialize database connections
2026-02-15T06:37:26.896Z	[34mINFO[0m	engine/engine.go:407	Initialize configuration
2026-02-15T06:37:26.897Z	[34mINFO[0m	engine/engine.go:407	Initialize navigation buttons
2026-02-15T06:37:26.897Z	[34mINFO[0m	engine/engine.go:407	Initialize plugins
2026-02-15T06:37:26.897Z	[34mINFO[0m	engine/engine.go:407	Initialize success🍺🍺
2026-02-15T06:37:43.522Z	[34mINFO[0m	engine/engine.go:407	Initialize database connections
2026-02-15T06:37:43.527Z	[34mINFO[0m	engine/engine.go:407	Initialize configuration
2026-02-15T06:37:43.529Z	[34mINFO[0m	engine/engine.go:407	Initialize navigation buttons
2026-02-15T06:37:43.529Z	[34mINFO[0m	engine/engine.go:407	Initialize plugins
2026-02-15T06:37:43.529Z	[34mINFO[0m	engine/engine.go:407	Initialize success🍺🍺
2026-02-15T06:37:50.918Z	[34mINFO[0m	controller/handler.go:25	[GoAdmin] access log	{"traceID": "ac1c01027091617711374708900001", "statuscode": "200", "method": "GET", "path": "/admin/info/categories"}
2026-02-15T06:37:52.212Z	[34mINFO[0m	controller/handler.go:25	[GoAdmin] access log	{"traceID": "ac1c01027091617711374721900002", "statuscode": "200", "method": "GET", "path": "/admin/info/categories/new"}
2026-02-15T06:38:28.659Z	[34mINFO[0m	controller/handler.go:25	[GoAdmin] access log	{"traceID": "ac1c01027091617711375086130003", "statuscode": "200", "method": "POST", "path": "/admin/new/categories"}
2026-02-15T06:40:48.855Z	[34mINFO[0m	engine/engine.go:407	Initialize database connections
2026-02-15T06:40:48.864Z	[34mINFO[0m	engine/engine.go:407	Initialize configuration
2026-02-15T06:40:48.865Z	[34mINFO[0m	engine/engine.go:407	Initialize navigation buttons
2026-02-15T06:40:48.865Z	[34mINFO[0m	engine/engine.go:407	Initialize plugins
2026-02-15T06:40:48.865Z	[34mINFO[0m	engine/engine.go:407	Initialize success🍺🍺
2026-02-15T06:40:55.572Z	[34mINFO[0m	engine/engine.go:407	Initialize database connections
2026-02-15T06:40:55.576Z	[34mINFO[0m	engine/engine.go:407	Initialize configuration
2026-02-15T06:40:55.577Z	[34mINFO[0m	engine/engine.go:407	Initialize navigation buttons
2026-02-15T06:40:55.577Z	[34mINFO[0m	engine/engine.go:407	Initialize plugins
2026-02-15T06:40:55.577Z	[34mINFO[0m	engine/engine.go:407	Initialize success🍺🍺
2026-02-15T06:42:29.769Z	[34mINFO[0m	engine/engine.go:407	Initialize database connections
2026-02-15T06:42:29.774Z	[34mINFO[0m	engine/engine.go:407	Initialize configuration
2026-02-15T06:42:29.775Z	[34mINFO[0m	engine/engine.go:407	Initialize navigation buttons
2026-02-15T06:42:29.775Z	[34mINFO[0m	engine/engine.go:407	Initialize plugins
2026-02-15T06:42:29.775Z	[34mINFO[0m	engine/engine.go:407	Initialize success🍺🍺
2026-02-15T06:42:33.010Z	[34mINFO[0m	controller/handler.go:25	[GoAdmin] access log	{"traceID": "ac1c01027454617711377529640001", "statuscode": "200", "method": "GET", "path": "/admin/info/categories"}
2026-02-15T06:43:17.881Z	[34mINFO[0m	engine/engine.go:407	Initialize database connections
2026-02-15T06:43:17.887Z	[34mINFO[0m	engine/engine.go:407	Initialize configuration
2026-02-15T06:43:17.888Z	[34mINFO[0m	engine/engine.go:407	Initialize navigation buttons
2026-02-15T06:43:17.888Z	[34mINFO[0m	engine/engine.go:407	Initialize plugins
2026-02-15T06:43:17.888Z	[34mINFO[0m	engine/engine.go:407	Initialize success🍺🍺
2026-02-15T06:43:24.131Z	[34mINFO[0m	controller/handler.go:25	[GoAdmin] access log	{"traceID": "ac1c01027520217711378040650001", "statuscode": "200", "method": "GET", "path": "/admin/info/categories"}
2026-02-15T06:43:27.712Z	[34mINFO[0m	controller/handler.go:25	[GoAdmin] access log	{"traceID": "ac1c01027520217711378076900002", "statuscode": "200", "method": "GET", "path": "/admin/info/categories/new"}
2026-02-15T06:43:38.993Z	[34mINFO[0m	controller/handler.go:25	[GoAdmin] access log	{"traceID": "ac1c01027520217711378189690003", "statuscode": "200", "method": "POST", "path": "/admin/new/categories"}
2026-02-15T06:44:43.171Z	[34mINFO[0m	engine/engine.go:407	Initialize database connections
2026-02-15T06:44:43.176Z	[34mINFO[0m	engine/engine.go:407	Initialize configuration
2026-02-15T06:44:43.177Z	[34mINFO[0m	engine/engine.go:407	Initialize navigation buttons
2026-02-15T06:44:43.177Z	[34mINFO[0m	engine/engine.go:407	Initialize plugins
2026-02-15T06:44:43.177Z	[34mINFO[0m	engine/engine.go:407	Initialize success🍺🍺
2026-02-15T06:44:48.874Z	[34mINFO[0m	engine/engine.go:407	Initialize database connections
2026-02-15T06:44:48.877Z	[34mINFO[0m	engine/engine.go:407	Initialize configuration
2026-02-15T06:44:48.878Z	[34mINFO[0m	engine/engine.go:407	Initialize navigation buttons
2026-02-15T06:44:48.879Z	[34mINFO[0m	engine/engine.go:407	Initialize plugins
2026-02-15T06:44:48.879Z	[34mINFO[0m	engine/engine.go:407	Initialize success🍺🍺
2026-02-15T06:44:55.208Z	[34mINFO[0m	engine/engine.go:407	Initialize database connections
2026-02-15T06:44:55.212Z	[34mINFO[0m	engine/engine.go:407	Initialize configuration
2026-02-15T06:44:55.213Z	[34mINFO[0m	engine/engine.go:407	Initialize navigation buttons
2026-02-15T06:44:55.213Z	[34mINFO[0m	engine/engine.go:407	Initialize plugins
2026-02-15T06:44:55.213Z	[34mINFO[0m	engine/engine.go:407	Initialize success🍺🍺
2026-02-15T06:44:59.471Z	[34mINFO[0m	controller/handler.go:25	[GoAdmin] access log	{"traceID": "ac1c01027667117711378994480001", "statuscode": "200", "method": "GET", "path": "/admin/info/categories"}
2026-02-15T06:46:40.201Z	[34mINFO[0m	engine/engine.go:407	Initialize database connections
2026-02-15T06:46:40.205Z	[34mINFO[0m	engine/engine.go:407	Initialize configuration
2026-02-15T06:46:40.206Z	[34mINFO[0m	engine/engine.go:407	Initialize navigation buttons
2026-02-15T06:46:40.207Z	[34mINFO[0m	engine/engine.go:407	Initialize plugins
2026-02-15T06:46:40.207Z	[34mINFO[0m	engine/engine.go:407	Initialize success🍺🍺
2026-02-15T06:46:45.123Z	[34mINFO[0m	engine/engine.go:407	Initialize database connections
2026-02-15T06:46:45.126Z	[34mINFO[0m	engine/engine.go:407	Initialize configuration
2026-02-15T06:46:45.127Z	[34mINFO[0m	engine/engine.go:407	Initialize navigation buttons
2026-02-15T06:46:45.127Z	[34mINFO[0m	engine/engine.go:407	Initialize plugins
2026-02-15T06:46:45.127Z	[34mINFO[0m	engine/engine.go:407	Initialize success🍺🍺
2026-02-15T06:46:52.164Z	[34mINFO[0m	controller/handler.go:25	[GoAdmin] access log	{"traceID": "ac1c01027814617711380121350001", "statuscode": "200", "method": "GET", "path": "/admin/info/categories"}
2026-02-15T06:47:04.875Z	[34mINFO[0m	engine/engine.go:407	Initialize database connections
2026-02-15T06:47:04.880Z	[34mINFO[0m	engine/engine.go:407	Initialize configuration
2026-02-15T06:47:04.882Z	[34mINFO[0m	engine/engine.go:407	Initialize navigation buttons
2026-02-15T06:47:04.882Z	[34mINFO[0m	engine/engine.go:407	Initialize plugins
2026-02-15T06:47:04.882Z	[34mINFO[0m	engine/engine.go:407	Initialize success🍺🍺
2026-02-15T06:47:08.712Z	[34mINFO[0m	controller/handler.go:25	[GoAdmin] access log	{"traceID": "ac1c01027849417711380286920001", "statuscode": "200", "method": "GET", "path": "/admin/info/categories"}
2026-02-15T06:50:52.285Z	[34mINFO[0m	engine/engine.go:407	Initialize database connections
2026-02-15T06:50:52.324Z	[34mINFO[0m	engine/engine.go:407	Initialize configuration
2026-02-15T06:50:52.326Z	[34mINFO[0m	engine/engine.go:407	Initialize navigation buttons
2026-02-15T06:50:52.326Z	[34mINFO[0m	engine/engine.go:407	Initialize plugins
2026-02-15T06:50:52.326Z	[34mINFO[0m	engine/engine.go:407	Initialize success🍺🍺
2026-02-15T06:50:55.640Z	[34mINFO[0m	controller/handler.go:25	[GoAdmin] access log	{"traceID": "ac1c01028096317711382556170001", "statuscode": "200", "method": "GET", "path": "/admin/info/categories"}
2026-02-15T06:51:05.741Z	[34mINFO[0m	engine/engine.go:407	Initialize database connections
2026-02-15T06:51:05.748Z	[34mINFO[0m	engine/engine.go:407	Initialize configuration
2026-02-15T06:51:05.749Z	[34mINFO[0m	engine/engine.go:407	Initialize navigation buttons
2026-02-15T06:51:05.749Z	[34mINFO[0m	engine/engine.go:407	Initialize plugins
2026-02-15T06:51:05.749Z	[34mINFO[0m	engine/engine.go:407	Initialize success🍺🍺
2026-02-15T06:51:06.200Z	[34mINFO[0m	controller/handler.go:25	[GoAdmin] access log	{"traceID": "ac1c01028127917711382661800001", "statuscode": "200", "method": "GET", "path": "/admin/info/categories"}
2026-02-15T06:51:17.531Z	[34mINFO[0m	engine/engine.go:407	Initialize database connections
2026-02-15T06:51:17.535Z	[34mINFO[0m	engine/engine.go:407	Initialize configuration
2026-02-15T06:51:17.536Z	[34mINFO[0m	engine/engine.go:407	Initialize navigation buttons
2026-02-15T06:51:17.536Z	[34mINFO[0m	engine/engine.go:407	Initialize plugins
2026-02-15T06:51:17.536Z	[34mINFO[0m	engine/engine.go:407	Initialize success🍺🍺
2026-02-15T06:53:25.599Z	[34mINFO[0m	engine/engine.go:407	Initialize database connections
2026-02-15T06:53:25.611Z	[34mINFO[0m	engine/engine.go:407	Initialize configuration
2026-02-15T06:53:25.613Z	[34mINFO[0m	engine/engine.go:407	Initialize navigation buttons
2026-02-15T06:53:25.613Z	[34mINFO[0m	engine/engine.go:407	Initialize plugins
2026-02-15T06:53:25.613Z	[34mINFO[0m	engine/engine.go:407	Initialize success🍺🍺
2026-02-15T06:53:32.331Z	[34mINFO[0m	engine/engine.go:407	Initialize database connections
2026-02-15T06:53:32.338Z	[34mINFO[0m	engine/engine.go:407	Initialize configuration
2026-02-15T06:53:32.339Z	[34mINFO[0m	engine/engine.go:407	Initialize navigation buttons
2026-02-15T06:53:32.340Z	[34mINFO[0m	engine/engine.go:407	Initialize plugins
2026-02-15T06:53:32.340Z	[34mINFO[0m	engine/engine.go:407	Initialize success🍺🍺
2026-02-15T06:53:40.450Z	[34mINFO[0m	engine/engine.go:407	Initialize database connections
2026-02-15T06:53:40.456Z	[34mINFO[0m	engine/engine.go:407	Initialize configuration
2026-02-15T06:53:40.457Z	[34mINFO[0m	engine/engine.go:407	Initialize navigation buttons
2026-02-15T06:53:40.457Z	[34mINFO[0m	engine/engine.go:407	Initialize plugins
2026-02-15T06:53:40.457Z	[34mINFO[0m	engine/engine.go:407	Initialize success🍺🍺
2026-02-15T06:53:43.202Z	[34mINFO[0m	controller/handler.go:25	[GoAdmin] access log	{"traceID": "ac1c01028346217711384231780001", "statuscode": "200", "method": "GET", "path": "/admin/info/categories"}
2026-02-15T06:55:04.984Z	[34mINFO[0m	engine/engine.go:407	Initialize database connections
2026-02-15T06:55:04.990Z	[34mINFO[0m	engine/engine.go:407	Initialize configuration
2026-02-15T06:55:04.991Z	[34mINFO[0m	engine/engine.go:407	Initialize navigation buttons
2026-02-15T06:55:04.991Z	[34mINFO[0m	engine/engine.go:407	Initialize plugins
2026-02-15T06:55:04.991Z	[34mINFO[0m	engine/engine.go:407	Initialize success🍺🍺
2026-02-15T06:55:12.427Z	[34mINFO[0m	controller/handler.go:25	[GoAdmin] access log	{"traceID": "ac1c01028449617711385124050001", "statuscode": "200", "method": "GET", "path": "/admin/info/categories"}
2026-02-15T06:55:52.369Z	[34mINFO[0m	engine/engine.go:407	Initialize database connections
2026-02-15T06:55:52.374Z	[34mINFO[0m	engine/engine.go:407	Initialize configuration
2026-02-15T06:55:52.375Z	[34mINFO[0m	engine/engine.go:407	Initialize navigation buttons
2026-02-15T06:55:52.376Z	[34mINFO[0m	engine/engine.go:407	Initialize plugins
2026-02-15T06:55:52.376Z	[34mINFO[0m	engine/engine.go:407	Initialize success🍺🍺
2026-02-15T06:55:54.166Z	[34mINFO[0m	engine/engine.go:407	Initialize database connections
2026-02-15T06:55:54.171Z	[34mINFO[0m	engine/engine.go:407	Initialize configuration
2026-02-15T06:55:54.172Z	[34mINFO[0m	engine/engine.go:407	Initialize navigation buttons
2026-02-15T06:55:54.172Z	[34mINFO[0m	engine/engine.go:407	Initialize plugins
2026-02-15T06:55:54.172Z	[34mINFO[0m	engine/engine.go:407	Initialize success🍺🍺
2026-02-15T06:55:55.233Z	[34mINFO[0m	controller/handler.go:25	[GoAdmin] access log	{"traceID": "ac1c01028530917711385552120001", "statuscode": "200", "method": "GET", "path": "/admin/info/categories"}
2026-02-15T06:55:57.950Z	[34mINFO[0m	controller/handler.go:25	[GoAdmin] access log	{"traceID": "ac1c01028530917711385579310002", "statuscode": "200", "method": "GET", "path": "/admin/info/categories"}
2026-02-15T06:55:58.869Z	[34mINFO[0m	controller/handler.go:25	[GoAdmin] access log	{"traceID": "ac1c01028530917711385588600003", "statuscode": "200", "method": "GET", "path": "/admin/info/categories"}
2026-02-15T06:55:59.533Z	[34mINFO[0m	controller/handler.go:25	[GoAdmin] access log	{"traceID": "ac1c01028530917711385595220004", "statuscode": "200", "method": "GET", "path": "/admin/info/categories"}
2026-02-15T06:56:00.266Z	[34mINFO[0m	controller/handler.go:25	[GoAdmin] access log	{"traceID": "ac1c01028530917711385602530005", "statuscode": "200", "method": "GET", "path": "/admin/info/categories"}
2026-02-15T06:56:07.653Z	[34mINFO[0m	engine/engine.go:407	Initialize database connections
2026-02-15T06:56:07.663Z	[34mINFO[0m	engine/engine.go:407	Initialize configuration
2026-02-15T06:56:07.664Z	[34mINFO[0m	engine/engine.go:407	Initialize navigation buttons
2026-02-15T06:56:07.664Z	[34mINFO[0m	engine/engine.go:407	Initialize plugins
2026-02-15T06:56:07.664Z	[34mINFO[0m	engine/engine.go:407	Initialize success🍺🍺
2026-02-15T06:56:31.059Z	[34mINFO[0m	engine/engine.go:407	Initialize database connections
2026-02-15T06:56:31.065Z	[34mINFO[0m	engine/engine.go:407	Initialize configuration
2026-02-15T06:56:31.066Z	[34mINFO[0m	engine/engine.go:407	Initialize navigation buttons
2026-02-15T06:56:31.066Z	[34mINFO[0m	engine/engine.go:407	Initialize plugins
2026-02-15T06:56:31.066Z	[34mINFO[0m	engine/engine.go:407	Initialize success🍺🍺
2026-02-15T06:56:48.005Z	[34mINFO[0m	engine/engine.go:407	Initialize database connections
2026-02-15T06:56:48.021Z	[34mINFO[0m	engine/engine.go:407	Initialize configuration
2026-02-15T06:56:48.022Z	[34mINFO[0m	engine/engine.go:407	Initialize navigation buttons
2026-02-15T06:56:48.022Z	[34mINFO[0m	engine/engine.go:407	Initialize plugins
2026-02-15T06:56:48.022Z	[34mINFO[0m	engine/engine.go:407	Initialize success🍺🍺
2026-02-15T06:56:50.802Z	[34mINFO[0m	controller/handler.go:25	[GoAdmin] access log	{"traceID": "ac1c01028640817711386107820001", "statuscode": "200", "method": "GET", "path": "/admin/info/categories"}
2026-02-15T06:56:55.246Z	[34mINFO[0m	controller/handler.go:25	[GoAdmin] access log	{"traceID": "ac1c01028640817711386152320002", "statuscode": "200", "method": "GET", "path": "/admin/info/categories"}
2026-02-15T06:56:57.273Z	[34mINFO[0m	controller/handler.go:25	[GoAdmin] access log	{"traceID": "ac1c01028640817711386172600003", "statuscode": "200", "method": "GET", "path": "/admin/info/categories"}
2026-02-15T06:57:05.754Z	[34mINFO[0m	engine/engine.go:407	Initialize database connections
2026-02-15T06:57:05.759Z	[34mINFO[0m	engine/engine.go:407	Initialize configuration
2026-02-15T06:57:05.760Z	[34mINFO[0m	engine/engine.go:407	Initialize navigation buttons
2026-02-15T06:57:05.760Z	[34mINFO[0m	engine/engine.go:407	Initialize plugins
2026-02-15T06:57:05.760Z	[34mINFO[0m	engine/engine.go:407	Initialize success🍺🍺
2026-02-15T06:57:08.816Z	[34mINFO[0m	engine/engine.go:407	Initialize database connections
2026-02-15T06:57:08.820Z	[34mINFO[0m	engine/engine.go:407	Initialize configuration
2026-02-15T06:57:08.821Z	[34mINFO[0m	engine/engine.go:407	Initialize navigation buttons
2026-02-15T06:57:08.821Z	[34mINFO[0m	engine/engine.go:407	Initialize plugins
2026-02-15T06:57:08.821Z	[34mINFO[0m	engine/engine.go:407	Initialize success🍺🍺
2026-02-15T06:57:09.114Z	[34mINFO[0m	controller/handler.go:25	[GoAdmin] access log	{"traceID": "ac1c01028693717711386290800001", "statuscode": "200", "method": "GET", "path": "/admin/info/categories"}
2026-02-15T06:57:17.974Z	[34mINFO[0m	engine/engine.go:407	Initialize database connections
2026-02-15T06:57:17.980Z	[34mINFO[0m	engine/engine.go:407	Initialize configuration
2026-02-15T06:57:17.981Z	[34mINFO[0m	engine/engine.go:407	Initialize navigation buttons
2026-02-15T06:57:17.981Z	[34mINFO[0m	engine/engine.go:407	Initialize plugins
2026-02-15T06:57:17.981Z	[34mINFO[0m	engine/engine.go:407	Initialize success🍺🍺
2026-02-15T06:57:22.169Z	[34mINFO[0m	engine/engine.go:407	Initialize database connections
2026-02-15T06:57:22.175Z	[34mINFO[0m	engine/engine.go:407	Initialize configuration
2026-02-15T06:57:22.176Z	[34mINFO[0m	engine/engine.go:407	Initialize navigation buttons
2026-02-15T06:57:22.176Z	[34mINFO[0m	engine/engine.go:407	Initialize plugins
2026-02-15T06:57:22.176Z	[34mINFO[0m	engine/engine.go:407	Initialize success🍺🍺
2026-02-15T06:57:22.602Z	[34mINFO[0m	controller/handler.go:25	[GoAdmin] access log	{"traceID": "ac1c01028739317711386425570001", "statuscode": "200", "method": "GET", "path": "/admin/info/categories"}
2026-02-15T06:57:23.913Z	[34mINFO[0m	controller/handler.go:25	[GoAdmin] access log	{"traceID": "ac1c01028739317711386438940002", "statuscode": "200", "method": "GET", "path": "/admin/info/categories"}
2026-02-15T06:57:37.208Z	[34mINFO[0m	engine/engine.go:407	Initialize database connections
2026-02-15T06:57:37.214Z	[34mINFO[0m	engine/engine.go:407	Initialize configuration
2026-02-15T06:57:37.215Z	[34mINFO[0m	engine/engine.go:407	Initialize navigation buttons
2026-02-15T06:57:37.216Z	[34mINFO[0m	engine/engine.go:407	Initialize plugins
2026-02-15T06:57:37.216Z	[34mINFO[0m	engine/engine.go:407	Initialize success🍺🍺
2026-02-15T06:57:37.528Z	[34mINFO[0m	controller/handler.go:25	[GoAdmin] access log	{"traceID": "ac1c01028768517711386575080001", "statuscode": "200", "method": "GET", "path": "/admin/info/categories"}
2026-02-15T06:57:38.852Z	[34mINFO[0m	controller/handler.go:25	[GoAdmin] access log	{"traceID": "ac1c01028768517711386588390002", "statuscode": "200", "method": "GET", "path": "/admin/info/categories"}
2026-02-15T06:57:39.470Z	[34mINFO[0m	controller/handler.go:25	[GoAdmin] access log	{"traceID": "ac1c01028768517711386594600003", "statuscode": "200", "method": "GET", "path": "/admin/info/categories"}
2026-02-15T06:57:39.721Z	[34mINFO[0m	controller/handler.go:25	[GoAdmin] access log	{"traceID": "ac1c01028768517711386597150004", "statuscode": "200", "method": "GET", "path": "/admin/info/categories"}
2026-02-15T06:57:39.931Z	[34mINFO[0m	controller/handler.go:25	[GoAdmin] access log	{"traceID": "ac1c01028768517711386599200005", "statuscode": "200", "method": "GET", "path": "/admin/info/categories"}
2026-02-15T06:58:23.673Z	[34mINFO[0m	engine/engine.go:407	Initialize database connections
2026-02-15T06:58:23.680Z	[34mINFO[0m	engine/engine.go:407	Initialize configuration
2026-02-15T06:58:23.681Z	[34mINFO[0m	engine/engine.go:407	Initialize navigation buttons
2026-02-15T06:58:23.681Z	[34mINFO[0m	engine/engine.go:407	Initialize plugins
2026-02-15T06:58:23.681Z	[34mINFO[0m	engine/engine.go:407	Initialize success🍺🍺
2026-02-15T06:58:26.484Z	[34mINFO[0m	engine/engine.go:407	Initialize database connections
2026-02-15T06:58:26.488Z	[34mINFO[0m	engine/engine.go:407	Initialize configuration
2026-02-15T06:58:26.489Z	[34mINFO[0m	engine/engine.go:407	Initialize navigation buttons
2026-02-15T06:58:26.489Z	[34mINFO[0m	engine/engine.go:407	Initialize plugins
2026-02-15T06:58:26.489Z	[34mINFO[0m	engine/engine.go:407	Initialize success🍺🍺
2026-02-15T06:58:30.015Z	[34mINFO[0m	engine/engine.go:407	Initialize database connections
2026-02-15T06:58:30.019Z	[34mINFO[0m	engine/engine.go:407	Initialize configuration
2026-02-15T06:58:30.020Z	[34mINFO[0m	engine/engine.go:407	Initialize navigation buttons
2026-02-15T06:58:30.020Z	[34mINFO[0m	engine/engine.go:407	Initialize plugins
2026-02-15T06:58:30.020Z	[34mINFO[0m	engine/engine.go:407	Initialize success🍺🍺
2026-02-15T06:59:45.365Z	[34mINFO[0m	engine/engine.go:407	Initialize database connections
2026-02-15T06:59:45.392Z	[34mINFO[0m	engine/engine.go:407	Initialize configuration
2026-02-15T06:59:45.394Z	[34mINFO[0m	engine/engine.go:407	Initialize navigation buttons
2026-02-15T06:59:45.394Z	[34mINFO[0m	engine/engine.go:407	Initialize plugins
2026-02-15T06:59:45.394Z	[34mINFO[0m	engine/engine.go:407	Initialize success🍺🍺
2026-02-15T06:59:48.638Z	[34mINFO[0m	controller/handler.go:25	[GoAdmin] access log	{"traceID": "ac1c01028958017711387885590001", "statuscode": "200", "method": "GET", "path": "/admin/info/categories"}
2026-02-15T07:01:25.036Z	[34mINFO[0m	engine/engine.go:407	Initialize database connections
2026-02-15T07:01:25.044Z	[34mINFO[0m	engine/engine.go:407	Initialize configuration
2026-02-15T07:01:25.045Z	[34mINFO[0m	engine/engine.go:407	Initialize navigation buttons
2026-02-15T07:01:25.045Z	[34mINFO[0m	engine/engine.go:407	Initialize plugins
2026-02-15T07:01:25.045Z	[34mINFO[0m	engine/engine.go:407	Initialize success🍺🍺
2026-02-15T07:01:30.021Z	[34mINFO[0m	controller/handler.go:25	[GoAdmin] access log	{"traceID": "ac1c01029076117711388899920001", "statuscode": "200", "method": "GET", "path": "/admin/info/categories"}
2026-02-15T07:02:22.113Z	[34mINFO[0m	engine/engine.go:407	Initialize database connections
2026-02-15T07:02:22.122Z	[34mINFO[0m	engine/engine.go:407	Initialize configuration
2026-02-15T07:02:22.123Z	[34mINFO[0m	engine/engine.go:407	Initialize navigation buttons
2026-02-15T07:02:22.123Z	[34mINFO[0m	engine/engine.go:407	Initialize plugins
2026-02-15T07:02:22.123Z	[34mINFO[0m	engine/engine.go:407	Initialize success🍺🍺
2026-02-15T07:03:04.274Z	[34mINFO[0m	engine/engine.go:407	Initialize database connections
2026-02-15T07:03:04.281Z	[34mINFO[0m	engine/engine.go:407	Initialize configuration
2026-02-15T07:03:04.282Z	[34mINFO[0m	engine/engine.go:407	Initialize navigation buttons
2026-02-15T07:03:04.282Z	[34mINFO[0m	engine/engine.go:407	Initialize plugins
2026-02-15T07:03:04.282Z	[34mINFO[0m	engine/engine.go:407	Initialize success🍺🍺
2026-02-15T07:04:38.885Z	[34mINFO[0m	engine/engine.go:407	Initialize database connections
2026-02-15T07:04:38.891Z	[34mINFO[0m	engine/engine.go:407	Initialize configuration
2026-02-15T07:04:38.892Z	[34mINFO[0m	engine/engine.go:407	Initialize navigation buttons
2026-02-15T07:04:38.892Z	[34mINFO[0m	engine/engine.go:407	Initialize plugins
2026-02-15T07:04:38.892Z	[34mINFO[0m	engine/engine.go:407	Initialize success🍺🍺
2026-02-15T07:06:15.426Z	[34mINFO[0m	engine/engine.go:407	Initialize database connections
2026-02-15T07:06:15.432Z	[34mINFO[0m	engine/engine.go:407	Initialize configuration
2026-02-15T07:06:15.433Z	[34mINFO[0m	engine/engine.go:407	Initialize navigation buttons
2026-02-15T07:06:15.433Z	[34mINFO[0m	engine/engine.go:407	Initialize plugins
2026-02-15T07:06:15.434Z	[34mINFO[0m	engine/engine.go:407	Initialize success🍺🍺
2026-02-15T07:06:18.581Z	[34mINFO[0m	engine/engine.go:407	Initialize database connections
2026-02-15T07:06:18.585Z	[34mINFO[0m	engine/engine.go:407	Initialize configuration
2026-02-15T07:06:18.586Z	[34mINFO[0m	engine/engine.go:407	Initialize navigation buttons
2026-02-15T07:06:18.586Z	[34mINFO[0m	engine/engine.go:407	Initialize plugins
2026-02-15T07:06:18.586Z	[34mINFO[0m	engine/engine.go:407	Initialize success🍺🍺
2026-02-15T07:06:23.521Z	[34mINFO[0m	controller/handler.go:25	[GoAdmin] access log	{"traceID": "ac1c01029511117711391834770001", "statuscode": "200", "method": "GET", "path": "/admin/info/categories"}
2026-02-15T07:06:39.494Z	[34mINFO[0m	engine/engine.go:407	Initialize database connections
2026-02-15T07:06:39.499Z	[34mINFO[0m	engine/engine.go:407	Initialize configuration
2026-02-15T07:06:39.500Z	[34mINFO[0m	engine/engine.go:407	Initialize navigation buttons
2026-02-15T07:06:39.501Z	[34mINFO[0m	engine/engine.go:407	Initialize plugins
2026-02-15T07:06:39.501Z	[34mINFO[0m	engine/engine.go:407	Initialize success🍺🍺
2026-02-15T07:06:42.417Z	[34mINFO[0m	engine/engine.go:407	Initialize database connections
2026-02-15T07:06:42.422Z	[34mINFO[0m	engine/engine.go:407	Initialize configuration
2026-02-15T07:06:42.423Z	[34mINFO[0m	engine/engine.go:407	Initialize navigation buttons
2026-02-15T07:06:42.423Z	[34mINFO[0m	engine/engine.go:407	Initialize plugins
2026-02-15T07:06:42.423Z	[34mINFO[0m	engine/engine.go:407	Initialize success🍺🍺
2026-02-15T07:06:42.600Z	[34mINFO[0m	controller/handler.go:25	[GoAdmin] access log	{"traceID": "ac1c01029567317711392025650001", "statuscode": "200", "method": "GET", "path": "/admin/info/categories"}
2026-02-15T07:06:48.474Z	[34mINFO[0m	engine/engine.go:407	Initialize database connections
2026-02-15T07:06:48.479Z	[34mINFO[0m	engine/engine.go:407	Initialize configuration
2026-02-15T07:06:48.480Z	[34mINFO[0m	engine/engine.go:407	Initialize navigation buttons
2026-02-15T07:06:48.480Z	[34mINFO[0m	engine/engine.go:407	Initialize plugins
2026-02-15T07:06:48.480Z	[34mINFO[0m	engine/engine.go:407	Initialize success🍺🍺
2026-02-15T07:07:00.751Z	[34mINFO[0m	engine/engine.go:407	Initialize database connections
2026-02-15T07:07:00.755Z	[34mINFO[0m	engine/engine.go:407	Initialize configuration
2026-02-15T07:07:00.756Z	[34mINFO[0m	engine/engine.go:407	Initialize navigation buttons
2026-02-15T07:07:00.756Z	[34mINFO[0m	engine/engine.go:407	Initialize plugins
2026-02-15T07:07:00.757Z	[34mINFO[0m	engine/engine.go:407	Initialize success🍺🍺
2026-02-15T07:07:05.958Z	[34mINFO[0m	engine/engine.go:407	Initialize database connections
2026-02-15T07:07:05.963Z	[34mINFO[0m	engine/engine.go:407	Initialize configuration
2026-02-15T07:07:05.964Z	[34mINFO[0m	engine/engine.go:407	Initialize navigation buttons
2026-02-15T07:07:05.964Z	[34mINFO[0m	engine/engine.go:407	Initialize plugins
2026-02-15T07:07:05.964Z	[34mINFO[0m	engine/engine.go:407	Initialize success🍺🍺
2026-02-15T07:07:06.388Z	[34mINFO[0m	controller/handler.go:25	[GoAdmin] access log	{"traceID": "ac1c01029649617711392263610001", "statuscode": "200", "method": "GET", "path": "/admin/info/categories"}
2026-02-15T07:07:21.296Z	[34mINFO[0m	engine/engine.go:407	Initialize database connections
2026-02-15T07:07:21.301Z	[34mINFO[0m	engine/engine.go:407	Initialize configuration
2026-02-15T07:07:21.302Z	[34mINFO[0m	engine/engine.go:407	Initialize navigation buttons
2026-02-15T07:07:21.302Z	[34mINFO[0m	engine/engine.go:407	Initialize plugins
2026-02-15T07:07:21.302Z	[34mINFO[0m	engine/engine.go:407	Initialize success🍺🍺
2026-02-15T07:07:24.573Z	[34mINFO[0m	engine/engine.go:407	Initialize database connections
2026-02-15T07:07:24.577Z	[34mINFO[0m	engine/engine.go:407	Initialize configuration
2026-02-15T07:07:24.579Z	[34mINFO[0m	engine/engine.go:407	Initialize navigation buttons
2026-02-15T07:07:24.579Z	[34mINFO[0m	engine/engine.go:407	Initialize plugins
2026-02-15T07:07:24.579Z	[34mINFO[0m	engine/engine.go:407	Initialize success🍺🍺
2026-02-15T07:07:29.233Z	[34mINFO[0m	engine/engine.go:407	Initialize database connections
2026-02-15T07:07:29.239Z	[34mINFO[0m	engine/engine.go:407	Initialize configuration
2026-02-15T07:07:29.240Z	[34mINFO[0m	engine/engine.go:407	Initialize navigation buttons
2026-02-15T07:07:29.240Z	[34mINFO[0m	engine/engine.go:407	Initialize plugins
2026-02-15T07:07:29.240Z	[34mINFO[0m	engine/engine.go:407	Initialize success🍺🍺
2026-02-15T07:07:29.936Z	[34mINFO[0m	controller/handler.go:25	[GoAdmin] access log	{"traceID": "ac1c01029719617711392498990001", "statuscode": "200", "method": "GET", "path": "/admin/info/categories"}
2026-02-15T07:07:45.485Z	[34mINFO[0m	engine/engine.go:407	Initialize database connections
2026-02-15T07:07:45.491Z	[34mINFO[0m	engine/engine.go:407	Initialize configuration
2026-02-15T07:07:45.492Z	[34mINFO[0m	engine/engine.go:407	Initialize navigation buttons
2026-02-15T07:07:45.492Z	[34mINFO[0m	engine/engine.go:407	Initialize plugins
2026-02-15T07:07:45.492Z	[34mINFO[0m	engine/engine.go:407	Initialize success🍺🍺
2026-02-15T07:07:48.540Z	[34mINFO[0m	engine/engine.go:407	Initialize database connections
2026-02-15T07:07:48.544Z	[34mINFO[0m	engine/engine.go:407	Initialize configuration
2026-02-15T07:07:48.545Z	[34mINFO[0m	engine/engine.go:407	Initialize navigation buttons
2026-02-15T07:07:48.546Z	[34mINFO[0m	engine/engine.go:407	Initialize plugins
2026-02-15T07:07:48.546Z	[34mINFO[0m	engine/engine.go:407	Initialize success🍺🍺
2026-02-15T07:07:48.923Z	[34mINFO[0m	controller/handler.go:25	[GoAdmin] access log	{"traceID": "ac1c01029771517711392688880001", "statuscode": "200", "method": "GET", "path": "/admin/info/categories"}
2026-02-15T07:08:08.300Z	[34mINFO[0m	engine/engine.go:407	Initialize database connections
2026-02-15T07:08:08.306Z	[34mINFO[0m	engine/engine.go:407	Initialize configuration
2026-02-15T07:08:08.307Z	[34mINFO[0m	engine/engine.go:407	Initialize navigation buttons
2026-02-15T07:08:08.307Z	[34mINFO[0m	engine/engine.go:407	Initialize plugins
2026-02-15T07:08:08.307Z	[34mINFO[0m	engine/engine.go:407	Initialize success🍺🍺
2026-02-15T07:08:09.223Z	[34mINFO[0m	controller/handler.go:25	[GoAdmin] access log	{"traceID": "ac1c01029808717711392891990001", "statuscode": "200", "method": "GET", "path": "/admin/info/categories"}
2026-02-15T07:08:10.058Z	[34mINFO[0m	controller/handler.go:25	[GoAdmin] access log	{"traceID": "ac1c01029808717711392900470002", "statuscode": "200", "method": "GET", "path": "/admin/info/categories"}
2026-02-15T07:08:14.826Z	[34mINFO[0m	engine/engine.go:407	Initialize database connections
2026-02-15T07:08:14.833Z	[34mINFO[0m	engine/engine.go:407	Initialize configuration
2026-02-15T07:08:14.834Z	[34mINFO[0m	engine/engine.go:407	Initialize navigation buttons
2026-02-15T07:08:14.834Z	[34mINFO[0m	engine/engine.go:407	Initialize plugins
2026-02-15T07:08:14.834Z	[34mINFO[0m	engine/engine.go:407	Initialize success🍺🍺
2026-02-15T07:09:05.172Z	[34mINFO[0m	engine/engine.go:407	Initialize database connections
2026-02-15T07:09:05.179Z	[34mINFO[0m	engine/engine.go:407	Initialize configuration
2026-02-15T07:09:05.180Z	[34mINFO[0m	engine/engine.go:407	Initialize navigation buttons
2026-02-15T07:09:05.181Z	[34mINFO[0m	engine/engine.go:407	Initialize plugins
2026-02-15T07:09:05.181Z	[34mINFO[0m	engine/engine.go:407	Initialize success🍺🍺
2026-02-15T07:09:13.983Z	[34mINFO[0m	controller/handler.go:25	[GoAdmin] access log	{"traceID": "ac1c01029915217711393539500001", "statuscode": "200", "method": "GET", "path": "/admin/info/categories"}
2026-02-15T07:09:15.350Z	[34mINFO[0m	controller/handler.go:25	[GoAdmin] access log	{"traceID": "ac1c01029915217711393553300002", "statuscode": "200", "method": "GET", "path": "/admin/info/categories"}
2026-02-15T07:09:15.938Z	[34mINFO[0m	controller/handler.go:25	[GoAdmin] access log	{"traceID": "ac1c01029915217711393559180003", "statuscode": "200", "method": "GET", "path": "/admin/info/categories"}
2026-02-15T07:09:16.256Z	[34mINFO[0m	controller/handler.go:25	[GoAdmin] access log	{"traceID": "ac1c01029915217711393562380004", "statuscode": "200", "method": "GET", "path": "/admin/info/categories"}
2026-02-15T07:09:16.446Z	[34mINFO[0m	controller/handler.go:25	[GoAdmin] access log	{"traceID": "ac1c01029915217711393564350005", "statuscode": "200", "method": "GET", "path": "/admin/info/categories"}
2026-02-15T07:09:16.661Z	[34mINFO[0m	controller/handler.go:25	[GoAdmin] access log	{"traceID": "ac1c01029915217711393566440006", "statuscode": "200", "method": "GET", "path": "/admin/info/categories"}
2026-02-15T07:09:16.877Z	[34mINFO[0m	controller/handler.go:25	[GoAdmin] access log	{"traceID": "ac1c01029915217711393568600007", "statuscode": "200", "method": "GET", "path": "/admin/info/categories"}
2026-02-15T07:09:37.839Z	[34mINFO[0m	engine/engine.go:407	Initialize database connections
2026-02-15T07:09:37.854Z	[34mINFO[0m	engine/engine.go:407	Initialize configuration
2026-02-15T07:09:37.855Z	[34mINFO[0m	engine/engine.go:407	Initialize navigation buttons
2026-02-15T07:09:37.856Z	[34mINFO[0m	engine/engine.go:407	Initialize plugins
2026-02-15T07:09:37.856Z	[34mINFO[0m	engine/engine.go:407	Initialize success🍺🍺
2026-02-15T07:09:38.578Z	[34mINFO[0m	controller/handler.go:25	[GoAdmin] access log	{"traceID": "ac1c01029970517711393785400001", "statuscode": "200", "method": "GET", "path": "/admin/info/categories"}
2026-02-15T07:10:18.393Z	[34mINFO[0m	engine/engine.go:407	Initialize database connections
2026-02-15T07:10:18.398Z	[34mINFO[0m	engine/engine.go:407	Initialize configuration
2026-02-15T07:10:18.399Z	[34mINFO[0m	engine/engine.go:407	Initialize navigation buttons
2026-02-15T07:10:18.399Z	[34mINFO[0m	engine/engine.go:407	Initialize plugins
2026-02-15T07:10:18.399Z	[34mINFO[0m	engine/engine.go:407	Initialize success🍺🍺
2026-02-15T07:10:26.391Z	[34mINFO[0m	controller/handler.go:25	[GoAdmin] access log	{"traceID": "ac1c01020061317711394263630001", "statuscode": "200", "method": "GET", "path": "/admin/info/categories"}
2026-02-15T07:10:59.538Z	[34mINFO[0m	engine/engine.go:407	Initialize database connections
2026-02-15T07:10:59.546Z	[34mINFO[0m	engine/engine.go:407	Initialize configuration
2026-02-15T07:10:59.547Z	[34mINFO[0m	engine/engine.go:407	Initialize navigation buttons
2026-02-15T07:10:59.547Z	[34mINFO[0m	engine/engine.go:407	Initialize plugins
2026-02-15T07:10:59.547Z	[34mINFO[0m	engine/engine.go:407	Initialize success🍺🍺
2026-02-15T07:11:02.047Z	[34mINFO[0m	engine/engine.go:407	Initialize database connections
2026-02-15T07:11:02.053Z	[34mINFO[0m	engine/engine.go:407	Initialize configuration
2026-02-15T07:11:02.054Z	[34mINFO[0m	engine/engine.go:407	Initialize navigation buttons
2026-02-15T07:11:02.055Z	[34mINFO[0m	engine/engine.go:407	Initialize plugins
2026-02-15T07:11:02.055Z	[34mINFO[0m	engine/engine.go:407	Initialize success🍺🍺
2026-02-15T07:11:02.744Z	[34mINFO[0m	controller/handler.go:25	[GoAdmin] access log	{"traceID": "ac1c01020148117711394627210001", "statuscode": "200", "method": "GET", "path": "/admin/info/categories"}
2026-02-15T07:13:52.231Z	[34mINFO[0m	engine/engine.go:407	Initialize database connections
2026-02-15T07:13:52.238Z	[34mINFO[0m	engine/engine.go:407	Initialize configuration
2026-02-15T07:13:52.239Z	[34mINFO[0m	engine/engine.go:407	Initialize navigation buttons
2026-02-15T07:13:52.239Z	[34mINFO[0m	engine/engine.go:407	Initialize plugins
2026-02-15T07:13:52.239Z	[34mINFO[0m	engine/engine.go:407	Initialize success🍺🍺
2026-02-15T07:13:53.810Z	[34mINFO[0m	controller/handler.go:25	[GoAdmin] access log	{"traceID": "ac1c01020342517711396337890001", "statuscode": "200", "method": "GET", "path": "/admin/info/categories"}
2026-02-15T07:14:03.781Z	[34mINFO[0m	engine/engine.go:407	Initialize database connections
2026-02-15T07:14:03.786Z	[34mINFO[0m	engine/engine.go:407	Initialize configuration
2026-02-15T07:14:03.787Z	[34mINFO[0m	engine/engine.go:407	Initialize navigation buttons
2026-02-15T07:14:03.787Z	[34mINFO[0m	engine/engine.go:407	Initialize plugins
2026-02-15T07:14:03.788Z	[34mINFO[0m	engine/engine.go:407	Initialize success🍺🍺
2026-02-15T07:14:04.816Z	[34mINFO[0m	controller/handler.go:25	[GoAdmin] access log	{"traceID": "ac1c01020372217711396447870001", "statuscode": "200", "method": "GET", "path": "/admin/info/categories"}
2026-02-15T07:14:25.923Z	[34mINFO[0m	engine/engine.go:407	Initialize database connections
2026-02-15T07:14:25.929Z	[34mINFO[0m	engine/engine.go:407	Initialize configuration
2026-02-15T07:14:25.930Z	[34mINFO[0m	engine/engine.go:407	Initialize navigation buttons
2026-02-15T07:14:25.930Z	[34mINFO[0m	engine/engine.go:407	Initialize plugins
2026-02-15T07:14:25.931Z	[34mINFO[0m	engine/engine.go:407	Initialize success🍺🍺
2026-02-15T07:14:26.464Z	[34mINFO[0m	controller/handler.go:25	[GoAdmin] access log	{"traceID": "ac1c01020414617711396664390001", "statuscode": "200", "method": "GET", "path": "/admin/info/categories"}
2026-02-15T07:14:40.027Z	[34mINFO[0m	engine/engine.go:407	Initialize database connections
2026-02-15T07:14:40.031Z	[34mINFO[0m	engine/engine.go:407	Initialize configuration
2026-02-15T07:14:40.032Z	[34mINFO[0m	engine/engine.go:407	Initialize navigation buttons
2026-02-15T07:14:40.032Z	[34mINFO[0m	engine/engine.go:407	Initialize plugins
2026-02-15T07:14:40.032Z	[34mINFO[0m	engine/engine.go:407	Initialize success🍺🍺
2026-02-15T07:14:41.071Z	[34mINFO[0m	controller/handler.go:25	[GoAdmin] access log	{"traceID": "ac1c01020442217711396810430001", "statuscode": "200", "method": "GET", "path": "/admin/info/categories"}
2026-02-15T07:15:14.479Z	[34mINFO[0m	engine/engine.go:407	Initialize database connections
2026-02-15T07:15:14.486Z	[34mINFO[0m	engine/engine.go:407	Initialize configuration
2026-02-15T07:15:14.487Z	[34mINFO[0m	engine/engine.go:407	Initialize navigation buttons
2026-02-15T07:15:14.487Z	[34mINFO[0m	engine/engine.go:407	Initialize plugins
2026-02-15T07:15:14.487Z	[34mINFO[0m	engine/engine.go:407	Initialize success🍺🍺
2026-02-15T07:15:29.024Z	[34mINFO[0m	controller/handler.go:25	[GoAdmin] access log	{"traceID": "ac1c01020505917711397289880001", "statuscode": "200", "method": "GET", "path": "/admin/info/categories"}
2026-02-15T07:16:14.489Z	[34mINFO[0m	engine/engine.go:407	Initialize database connections
2026-02-15T07:16:14.495Z	[34mINFO[0m	engine/engine.go:407	Initialize configuration
2026-02-15T07:16:14.496Z	[34mINFO[0m	engine/engine.go:407	Initialize navigation buttons
2026-02-15T07:16:14.497Z	[34mINFO[0m	engine/engine.go:407	Initialize plugins
2026-02-15T07:16:14.497Z	[34mINFO[0m	engine/engine.go:407	Initialize success🍺🍺
2026-02-15T07:16:18.051Z	[34mINFO[0m	engine/engine.go:407	Initialize database connections
2026-02-15T07:16:18.055Z	[34mINFO[0m	engine/engine.go:407	Initialize configuration
2026-02-15T07:16:18.056Z	[34mINFO[0m	engine/engine.go:407	Initialize navigation buttons
2026-02-15T07:16:18.057Z	[34mINFO[0m	engine/engine.go:407	Initialize plugins
2026-02-15T07:16:18.057Z	[34mINFO[0m	engine/engine.go:407	Initialize success🍺🍺
2026-02-15T07:16:19.702Z	[34mINFO[0m	controller/handler.go:25	[GoAdmin] access log	{"traceID": "ac1c01020614217711397796730001", "statuscode": "200", "method": "GET", "path": "/admin/info/categories"}
2026-02-15T07:17:47.282Z	[34mINFO[0m	engine/engine.go:407	Initialize database connections
2026-02-15T07:17:47.289Z	[34mINFO[0m	engine/engine.go:407	Initialize configuration
2026-02-15T07:17:47.290Z	[34mINFO[0m	engine/engine.go:407	Initialize navigation buttons
2026-02-15T07:17:47.290Z	[34mINFO[0m	engine/engine.go:407	Initialize plugins
2026-02-15T07:17:47.290Z	[34mINFO[0m	engine/engine.go:407	Initialize success🍺🍺
2026-02-15T07:17:50.790Z	[34mINFO[0m	controller/handler.go:25	[GoAdmin] access log	{"traceID": "ac1c01020721417711398707680001", "statuscode": "200", "method": "GET", "path": "/admin/info/categories"}
2026-02-15T07:18:47.603Z	[34mINFO[0m	engine/engine.go:407	Initialize database connections
2026-02-15T07:18:47.608Z	[34mINFO[0m	engine/engine.go:407	Initialize configuration
2026-02-15T07:18:47.610Z	[34mINFO[0m	engine/engine.go:407	Initialize navigation buttons
2026-02-15T07:18:47.610Z	[34mINFO[0m	engine/engine.go:407	Initialize plugins
2026-02-15T07:18:47.610Z	[34mINFO[0m	engine/engine.go:407	Initialize success🍺🍺
2026-02-15T07:18:55.124Z	[34mINFO[0m	engine/engine.go:407	Initialize database connections
2026-02-15T07:18:55.131Z	[34mINFO[0m	engine/engine.go:407	Initialize configuration
2026-02-15T07:18:55.132Z	[34mINFO[0m	engine/engine.go:407	Initialize navigation buttons
2026-02-15T07:18:55.132Z	[34mINFO[0m	engine/engine.go:407	Initialize plugins
2026-02-15T07:18:55.132Z	[34mINFO[0m	engine/engine.go:407	Initialize success🍺🍺
2026-02-15T07:18:58.058Z	[34mINFO[0m	controller/handler.go:25	[GoAdmin] access log	{"traceID": "ac1c01020822317711399380340001", "statuscode": "200", "method": "GET", "path": "/admin/info/categories"}
2026-02-15T07:20:22.973Z	[34mINFO[0m	engine/engine.go:407	Initialize database connections
2026-02-15T07:20:22.979Z	[34mINFO[0m	engine/engine.go:407	Initialize configuration
2026-02-15T07:20:22.980Z	[34mINFO[0m	engine/engine.go:407	Initialize navigation buttons
2026-02-15T07:20:22.981Z	[34mINFO[0m	engine/engine.go:407	Initialize plugins
2026-02-15T07:20:22.981Z	[34mINFO[0m	engine/engine.go:407	Initialize success🍺🍺
2026-02-15T07:20:24.006Z	[34mINFO[0m	controller/handler.go:25	[GoAdmin] access log	{"traceID": "ac1c01020941817711400239780001", "statuscode": "200", "method": "GET", "path": "/admin/info/categories"}
2026-02-15T07:20:30.329Z	[34mINFO[0m	engine/engine.go:407	Initialize database connections
2026-02-15T07:20:30.333Z	[34mINFO[0m	engine/engine.go:407	Initialize configuration
2026-02-15T07:20:30.334Z	[34mINFO[0m	engine/engine.go:407	Initialize navigation buttons
2026-02-15T07:20:30.334Z	[34mINFO[0m	engine/engine.go:407	Initialize plugins
2026-02-15T07:20:30.334Z	[34mINFO[0m	engine/engine.go:407	Initialize success🍺🍺
2026-02-15T07:21:59.802Z	[34mINFO[0m	engine/engine.go:407	Initialize database connections
2026-02-15T07:21:59.807Z	[34mINFO[0m	engine/engine.go:407	Initialize configuration
2026-02-15T07:21:59.809Z	[34mINFO[0m	engine/engine.go:407	Initialize navigation buttons
2026-02-15T07:21:59.809Z	[34mINFO[0m	engine/engine.go:407	Initialize plugins
2026-02-15T07:21:59.809Z	[34mINFO[0m	engine/engine.go:407	Initialize success🍺🍺
2026-02-15T07:22:07.157Z	[34mINFO[0m	engine/engine.go:407	Initialize database connections
2026-02-15T07:22:07.162Z	[34mINFO[0m	engine/engine.go:407	Initialize configuration
2026-02-15T07:22:07.163Z	[34mINFO[0m	engine/engine.go:407	Initialize navigation buttons
2026-02-15T07:22:07.163Z	[34mINFO[0m	engine/engine.go:407	Initialize plugins
2026-02-15T07:22:07.163Z	[34mINFO[0m	engine/engine.go:407	Initialize success🍺🍺
2026-02-15T07:22:12.869Z	[34mINFO[0m	engine/engine.go:407	Initialize database connections
2026-02-15T07:22:12.873Z	[34mINFO[0m	engine/engine.go:407	Initialize configuration
2026-02-15T07:22:12.875Z	[34mINFO[0m	engine/engine.go:407	Initialize navigation buttons
2026-02-15T07:22:12.875Z	[34mINFO[0m	engine/engine.go:407	Initialize plugins
2026-02-15T07:22:12.875Z	[34mINFO[0m	engine/engine.go:407	Initialize success🍺🍺
2026-02-15T07:22:22.718Z	[34mINFO[0m	controller/handler.go:25	[GoAdmin] access log	{"traceID": "ac1c01021115917711401426880001", "statuscode": "200", "method": "GET", "path": "/admin/info/categories"}
2026-02-15T07:22:22.745Z	[34mINFO[0m	controller/handler.go:25	[GoAdmin] access log	{"traceID": "ac1c01021115917711401427350002", "statuscode": "200", "method": "GET", "path": "/admin/info/b3d67681-24f6-4fce-85c7-1f43df360f26.jpg"}
2026-02-15T07:24:13.289Z	[34mINFO[0m	engine/engine.go:407	Initialize database connections
2026-02-15T07:24:13.297Z	[34mINFO[0m	engine/engine.go:407	Initialize configuration
2026-02-15T07:24:13.299Z	[34mINFO[0m	engine/engine.go:407	Initialize navigation buttons
2026-02-15T07:24:13.299Z	[34mINFO[0m	engine/engine.go:407	Initialize plugins
2026-02-15T07:24:13.299Z	[34mINFO[0m	engine/engine.go:407	Initialize success🍺🍺
2026-02-15T07:24:15.433Z	[34mINFO[0m	engine/engine.go:407	Initialize database connections
2026-02-15T07:24:15.437Z	[34mINFO[0m	engine/engine.go:407	Initialize configuration
2026-02-15T07:24:15.439Z	[34mINFO[0m	engine/engine.go:407	Initialize navigation buttons
2026-02-15T07:24:15.439Z	[34mINFO[0m	engine/engine.go:407	Initialize plugins
2026-02-15T07:24:15.439Z	[34mINFO[0m	engine/engine.go:407	Initialize success🍺🍺
2026-02-15T07:24:22.123Z	[34mINFO[0m	controller/handler.go:25	[GoAdmin] access log	{"traceID": "ac1c01021271817711402620840001", "statuscode": "200", "method": "GET", "path": "/admin/info/categories"}
2026-02-15T07:25:43.586Z	[34mINFO[0m	engine/engine.go:407	Initialize database connections
2026-02-15T07:25:43.595Z	[34mINFO[0m	engine/engine.go:407	Initialize configuration
2026-02-15T07:25:43.596Z	[34mINFO[0m	engine/engine.go:407	Initialize navigation buttons
2026-02-15T07:25:43.596Z	[34mINFO[0m	engine/engine.go:407	Initialize plugins
2026-02-15T07:25:43.596Z	[34mINFO[0m	engine/engine.go:407	Initialize success🍺🍺
2026-02-15T07:25:44.674Z	[34mINFO[0m	controller/handler.go:25	[GoAdmin] access log	{"traceID": "ac1c01021378817711403446740001", "statuscode": "302", "method": "GET", "path": "/admin/info/categories"}
2026-02-15T07:25:44.677Z	[34mINFO[0m	controller/handler.go:25	[GoAdmin] access log	{"traceID": "ac1c01021378817711403446760002", "statuscode": "200", "method": "GET", "path": "/admin/login"}
2026-02-15T07:25:48.702Z	[34mINFO[0m	controller/handler.go:25	[GoAdmin] access log	{"traceID": "ac1c01021378817711403485130003", "statuscode": "200", "method": "POST", "path": "/admin/signin"}
2026-02-15T07:25:48.712Z	[34mINFO[0m	controller/handler.go:25	[GoAdmin] access log	{"traceID": "ac1c01021378817711403487110004", "statuscode": "200", "method": "GET", "path": "/admin/login"}
2026-02-15T07:25:52.698Z	[34mINFO[0m	controller/handler.go:25	[GoAdmin] access log	{"traceID": "ac1c01021378817711403525420005", "statuscode": "200", "method": "POST", "path": "/admin/signin"}
2026-02-15T07:25:56.721Z	[34mINFO[0m	controller/handler.go:25	[GoAdmin] access log	{"traceID": "ac1c01021378817711403566870006", "statuscode": "200", "method": "GET", "path": "/admin/info/categories"}
2026-02-15T07:26:40.029Z	[34mINFO[0m	engine/engine.go:407	Initialize database connections
2026-02-15T07:26:40.035Z	[34mINFO[0m	engine/engine.go:407	Initialize configuration
2026-02-15T07:26:40.036Z	[34mINFO[0m	engine/engine.go:407	Initialize navigation buttons
2026-02-15T07:26:40.036Z	[34mINFO[0m	engine/engine.go:407	Initialize plugins
2026-02-15T07:26:40.037Z	[34mINFO[0m	engine/engine.go:407	Initialize success🍺🍺
2026-02-15T07:26:41.230Z	[34mINFO[0m	controller/handler.go:25	[GoAdmin] access log	{"traceID": "ac1c01021453417711404012060001", "statuscode": "200", "method": "GET", "path": "/admin/info/categories"}
2026-02-15T07:27:53.862Z	[34mINFO[0m	controller/handler.go:25	[GoAdmin] access log	{"traceID": "ac1c01021453417711404737990002", "statuscode": "200", "method": "GET", "path": "/admin/info/categories/edit"}
2026-02-15T07:28:58.646Z	[34mINFO[0m	engine/engine.go:407	Initialize database connections
2026-02-15T07:28:58.651Z	[34mINFO[0m	engine/engine.go:407	Initialize configuration
2026-02-15T07:28:58.653Z	[34mINFO[0m	engine/engine.go:407	Initialize navigation buttons
2026-02-15T07:28:58.653Z	[34mINFO[0m	engine/engine.go:407	Initialize plugins
2026-02-15T07:28:58.653Z	[34mINFO[0m	engine/engine.go:407	Initialize success🍺🍺
2026-02-15T07:29:13.178Z	[34mINFO[0m	controller/handler.go:25	[GoAdmin] access log	{"traceID": "ac1c01021610917711405531060001", "statuscode": "200", "method": "POST", "path": "/admin/edit/categories"}
2026-02-15T07:29:18.532Z	[34mINFO[0m	controller/handler.go:25	[GoAdmin] access log	{"traceID": "ac1c01021610917711405584990002", "statuscode": "200", "method": "GET", "path": "/admin/info/categories/edit"}
2026-02-15T07:30:10.619Z	[34mINFO[0m	engine/engine.go:407	Initialize database connections
2026-02-15T07:30:10.624Z	[34mINFO[0m	engine/engine.go:407	Initialize configuration
2026-02-15T07:30:10.625Z	[34mINFO[0m	engine/engine.go:407	Initialize navigation buttons
2026-02-15T07:30:10.626Z	[34mINFO[0m	engine/engine.go:407	Initialize plugins
2026-02-15T07:30:10.626Z	[34mINFO[0m	engine/engine.go:407	Initialize success🍺🍺
2026-02-15T07:30:15.688Z	[34mINFO[0m	controller/handler.go:25	[GoAdmin] access log	{"traceID": "ac1c01021700117711406156560001", "statuscode": "200", "method": "GET", "path": "/admin/info/categories/edit"}
2026-02-15T07:31:37.897Z	[34mINFO[0m	engine/engine.go:407	Initialize database connections
2026-02-15T07:31:37.902Z	[34mINFO[0m	engine/engine.go:407	Initialize configuration
2026-02-15T07:31:37.903Z	[34mINFO[0m	engine/engine.go:407	Initialize navigation buttons
2026-02-15T07:31:37.903Z	[34mINFO[0m	engine/engine.go:407	Initialize plugins
2026-02-15T07:31:37.903Z	[34mINFO[0m	engine/engine.go:407	Initialize success🍺🍺
2026-02-15T07:31:40.038Z	[34mINFO[0m	engine/engine.go:407	Initialize database connections
2026-02-15T07:31:40.041Z	[34mINFO[0m	engine/engine.go:407	Initialize configuration
2026-02-15T07:31:40.042Z	[34mINFO[0m	engine/engine.go:407	Initialize navigation buttons
2026-02-15T07:31:40.042Z	[34mINFO[0m	engine/engine.go:407	Initialize plugins
2026-02-15T07:31:40.043Z	[34mINFO[0m	engine/engine.go:407	Initialize success🍺🍺
2026-02-15T07:31:46.044Z	[34mINFO[0m	engine/engine.go:407	Initialize database connections
2026-02-15T07:31:46.054Z	[34mINFO[0m	engine/engine.go:407	Initialize configuration
2026-02-15T07:31:46.055Z	[34mINFO[0m	engine/engine.go:407	Initialize navigation buttons
2026-02-15T07:31:46.055Z	[34mINFO[0m	engine/engine.go:407	Initialize plugins
2026-02-15T07:31:46.055Z	[34mINFO[0m	engine/engine.go:407	Initialize success🍺🍺
2026-02-15T07:31:47.546Z	[34mINFO[0m	controller/handler.go:25	[GoAdmin] access log	{"traceID": "ac1c01021846617711407075130001", "statuscode": "200", "method": "GET", "path": "/admin/info/categories/edit"}
2026-02-15T07:31:53.349Z	[34mINFO[0m	controller/handler.go:25	[GoAdmin] access log	{"traceID": "ac1c01021846617711407133490002", "statuscode": "200", "method": "GET", "path": "/admin/login"}
2026-02-15T07:31:53.386Z	[34mINFO[0m	controller/handler.go:25	[GoAdmin] access log	{"traceID": "ac1c01021846617711407133840003", "statuscode": "200", "method": "GET", "path": "/admin/login"}
2026-02-15T07:31:58.419Z	[34mINFO[0m	controller/handler.go:25	[GoAdmin] access log	{"traceID": "ac1c01021846617711407182620004", "statuscode": "200", "method": "POST", "path": "/admin/signin"}
2026-02-15T07:32:01.602Z	[34mINFO[0m	controller/handler.go:25	[GoAdmin] access log	{"traceID": "ac1c01021846617711407215780005", "statuscode": "200", "method": "GET", "path": "/admin/info/categories"}
2026-02-15T07:32:03.347Z	[34mINFO[0m	controller/handler.go:25	[GoAdmin] access log	{"traceID": "ac1c01021846617711407233170006", "statuscode": "200", "method": "GET", "path": "/admin/info/categories/new"}
2026-02-15T07:32:23.895Z	[34mINFO[0m	controller/handler.go:25	[GoAdmin] access log	{"traceID": "ac1c01021846617711407438450007", "statuscode": "200", "method": "POST", "path": "/admin/new/categories"}
2026-02-15T07:38:44.476Z	[34mINFO[0m	engine/engine.go:407	Initialize database connections
2026-02-15T07:38:44.488Z	[34mINFO[0m	engine/engine.go:407	Initialize configuration
2026-02-15T07:38:44.489Z	[34mINFO[0m	engine/engine.go:407	Initialize navigation buttons
2026-02-15T07:38:44.489Z	[34mINFO[0m	engine/engine.go:407	Initialize plugins
2026-02-15T07:38:44.489Z	[34mINFO[0m	engine/engine.go:407	Initialize success🍺🍺
2026-02-15T07:38:49.216Z	[34mINFO[0m	engine/engine.go:407	Initialize database connections
2026-02-15T07:38:49.219Z	[34mINFO[0m	engine/engine.go:407	Initialize configuration
2026-02-15T07:38:49.220Z	[34mINFO[0m	engine/engine.go:407	Initialize navigation buttons
2026-02-15T07:38:49.221Z	[34mINFO[0m	engine/engine.go:407	Initialize plugins
2026-02-15T07:38:49.221Z	[34mINFO[0m	engine/engine.go:407	Initialize success🍺🍺
2026-02-15T07:39:45.019Z	[34mINFO[0m	engine/engine.go:407	Initialize database connections
2026-02-15T07:39:45.031Z	[34mINFO[0m	engine/engine.go:407	Initialize configuration
2026-02-15T07:39:45.032Z	[34mINFO[0m	engine/engine.go:407	Initialize navigation buttons
2026-02-15T07:39:45.032Z	[34mINFO[0m	engine/engine.go:407	Initialize plugins
2026-02-15T07:39:45.032Z	[34mINFO[0m	engine/engine.go:407	Initialize success🍺🍺
2026-02-15T07:39:49.511Z	[34mINFO[0m	engine/engine.go:407	Initialize database connections
2026-02-15T07:39:49.516Z	[34mINFO[0m	engine/engine.go:407	Initialize configuration
2026-02-15T07:39:49.518Z	[34mINFO[0m	engine/engine.go:407	Initialize navigation buttons
2026-02-15T07:39:49.518Z	[34mINFO[0m	engine/engine.go:407	Initialize plugins
2026-02-15T07:39:49.518Z	[34mINFO[0m	engine/engine.go:407	Initialize success🍺🍺
2026-02-15T07:39:53.137Z	[34mINFO[0m	engine/engine.go:407	Initialize database connections
2026-02-15T07:39:53.142Z	[34mINFO[0m	engine/engine.go:407	Initialize configuration
2026-02-15T07:39:53.143Z	[34mINFO[0m	engine/engine.go:407	Initialize navigation buttons
2026-02-15T07:39:53.143Z	[34mINFO[0m	engine/engine.go:407	Initialize plugins
2026-02-15T07:39:53.143Z	[34mINFO[0m	engine/engine.go:407	Initialize success🍺🍺
2026-02-15T07:39:59.636Z	[34mINFO[0m	engine/engine.go:407	Initialize database connections
2026-02-15T07:39:59.639Z	[34mINFO[0m	engine/engine.go:407	Initialize configuration
2026-02-15T07:39:59.640Z	[34mINFO[0m	engine/engine.go:407	Initialize navigation buttons
2026-02-15T07:39:59.641Z	[34mINFO[0m	engine/engine.go:407	Initialize plugins
2026-02-15T07:39:59.641Z	[34mINFO[0m	engine/engine.go:407	Initialize success🍺🍺
2026-02-15T07:40:04.081Z	[34mINFO[0m	controller/handler.go:25	[GoAdmin] access log	{"traceID": "ac1c01022442417711412040510001", "statuscode": "200", "method": "GET", "path": "/admin/info/categories"}
2026-02-15T07:41:06.635Z	[34mINFO[0m	engine/engine.go:407	Initialize database connections
2026-02-15T07:41:06.716Z	[34mINFO[0m	engine/engine.go:407	Initialize configuration
2026-02-15T07:41:06.725Z	[34mINFO[0m	engine/engine.go:407	Initialize navigation buttons
2026-02-15T07:41:06.725Z	[34mINFO[0m	engine/engine.go:407	Initialize plugins
2026-02-15T07:41:06.726Z	[34mINFO[0m	engine/engine.go:407	Initialize success🍺🍺
2026-02-15T07:41:32.930Z	[34mINFO[0m	engine/engine.go:407	Initialize database connections
2026-02-15T07:41:32.939Z	[34mINFO[0m	engine/engine.go:407	Initialize configuration
2026-02-15T07:41:32.949Z	[34mINFO[0m	engine/engine.go:407	Initialize navigation buttons
2026-02-15T07:41:32.950Z	[34mINFO[0m	engine/engine.go:407	Initialize plugins
2026-02-15T07:41:32.951Z	[34mINFO[0m	engine/engine.go:407	Initialize success🍺🍺
2026-02-15T07:41:37.542Z	[34mINFO[0m	engine/engine.go:407	Initialize database connections
2026-02-15T07:41:37.546Z	[34mINFO[0m	engine/engine.go:407	Initialize configuration
2026-02-15T07:41:37.547Z	[34mINFO[0m	engine/engine.go:407	Initialize navigation buttons
2026-02-15T07:41:37.547Z	[34mINFO[0m	engine/engine.go:407	Initialize plugins
2026-02-15T07:41:37.548Z	[34mINFO[0m	engine/engine.go:407	Initialize success🍺🍺
2026-02-15T07:41:45.515Z	[34mINFO[0m	controller/handler.go:25	[GoAdmin] access log	{"traceID": "ac1c01022606217711413054890001", "statuscode": "200", "method": "GET", "path": "/admin/info/categories"}
2026-02-15T07:41:49.499Z	[34mINFO[0m	controller/handler.go:25	[GoAdmin] access log	{"traceID": "ac1c01022606217711413094670002", "statuscode": "200", "method": "GET", "path": "/admin/info/categories"}
2026-02-15T07:42:12.852Z	[34mINFO[0m	engine/engine.go:407	Initialize database connections
2026-02-15T07:42:12.863Z	[34mINFO[0m	engine/engine.go:407	Initialize configuration
2026-02-15T07:42:12.864Z	[34mINFO[0m	engine/engine.go:407	Initialize navigation buttons
2026-02-15T07:42:12.865Z	[34mINFO[0m	engine/engine.go:407	Initialize plugins
2026-02-15T07:42:12.865Z	[34mINFO[0m	engine/engine.go:407	Initialize success🍺🍺
2026-02-15T07:42:14.047Z	[34mINFO[0m	controller/handler.go:25	[GoAdmin] access log	{"traceID": "ac1c01022672017711413340160001", "statuscode": "200", "method": "GET", "path": "/admin/info/categories"}
2026-02-15T07:51:15.638Z	[34mINFO[0m	engine/engine.go:407	Initialize database connections
2026-02-15T07:51:15.643Z	[34mINFO[0m	engine/engine.go:407	Initialize configuration
2026-02-15T07:51:15.644Z	[34mINFO[0m	engine/engine.go:407	Initialize navigation buttons
2026-02-15T07:51:15.644Z	[34mINFO[0m	engine/engine.go:407	Initialize plugins
2026-02-15T07:51:15.644Z	[34mINFO[0m	engine/engine.go:407	Initialize success🍺🍺
2026-02-15T07:51:22.093Z	[34mINFO[0m	engine/engine.go:407	Initialize database connections
2026-02-15T07:51:22.100Z	[34mINFO[0m	engine/engine.go:407	Initialize configuration
2026-02-15T07:51:22.101Z	[34mINFO[0m	engine/engine.go:407	Initialize navigation buttons
2026-02-15T07:51:22.102Z	[34mINFO[0m	engine/engine.go:407	Initialize plugins
2026-02-15T07:51:22.102Z	[34mINFO[0m	engine/engine.go:407	Initialize success🍺🍺
2026-02-15T07:51:26.133Z	[34mINFO[0m	engine/engine.go:407	Initialize database connections
2026-02-15T07:51:26.140Z	[34mINFO[0m	engine/engine.go:407	Initialize configuration
2026-02-15T07:51:26.141Z	[34mINFO[0m	engine/engine.go:407	Initialize navigation buttons
2026-02-15T07:51:26.141Z	[34mINFO[0m	engine/engine.go:407	Initialize plugins
2026-02-15T07:51:26.141Z	[34mINFO[0m	engine/engine.go:407	Initialize success🍺🍺
2026-02-15T07:51:26.980Z	[34mINFO[0m	controller/handler.go:25	[GoAdmin] access log	{"traceID": "ac1c01023282117711418869580001", "statuscode": "200", "method": "GET", "path": "/admin/info/categories"}
2026-02-15T07:51:48.104Z	[34mINFO[0m	controller/handler.go:25	[GoAdmin] access log	{"traceID": "ac1c01023282117711419080490002", "statuscode": "200", "method": "GET", "path": "/admin/info/categories/edit"}
2026-02-15T07:51:52.924Z	[34mINFO[0m	controller/handler.go:25	[GoAdmin] access log	{"traceID": "ac1c01023282117711419128840003", "statuscode": "200", "method": "POST", "path": "/admin/edit/categories"}
2026-02-15T07:52:03.977Z	[34mINFO[0m	controller/handler.go:25	[GoAdmin] access log	{"traceID": "ac1c01023282117711419239460004", "statuscode": "200", "method": "GET", "path": "/admin/info/categories/edit"}
2026-02-15T07:52:08.337Z	[34mINFO[0m	controller/handler.go:25	[GoAdmin] access log	{"traceID": "ac1c01023282117711419283130005", "statuscode": "200", "method": "POST", "path": "/admin/edit/categories"}
2026-02-15T08:02:13.245Z	[34mINFO[0m	engine/engine.go:407	Initialize database connections
2026-02-15T08:02:13.258Z	[34mINFO[0m	engine/engine.go:407	Initialize configuration
2026-02-15T08:02:13.260Z	[34mINFO[0m	engine/engine.go:407	Initialize navigation buttons
2026-02-15T08:02:13.260Z	[34mINFO[0m	engine/engine.go:407	Initialize plugins
2026-02-15T08:02:13.260Z	[34mINFO[0m	engine/engine.go:407	Initialize success🍺🍺
2026-02-15T08:02:15.253Z	[34mINFO[0m	controller/handler.go:25	[GoAdmin] access log	{"traceID": "ac1c01023958517711425352280001", "statuscode": "200", "method": "GET", "path": "/admin/info/categories"}
2026-02-15T08:02:26.652Z	[34mINFO[0m	engine/engine.go:407	Initialize database connections
2026-02-15T08:02:26.659Z	[34mINFO[0m	engine/engine.go:407	Initialize configuration
2026-02-15T08:02:26.660Z	[34mINFO[0m	engine/engine.go:407	Initialize navigation buttons
2026-02-15T08:02:26.660Z	[34mINFO[0m	engine/engine.go:407	Initialize plugins
2026-02-15T08:02:26.660Z	[34mINFO[0m	engine/engine.go:407	Initialize success🍺🍺
2026-02-15T08:02:33.545Z	[34mINFO[0m	engine/engine.go:407	Initialize database connections
2026-02-15T08:02:33.550Z	[34mINFO[0m	engine/engine.go:407	Initialize configuration
2026-02-15T08:02:33.552Z	[34mINFO[0m	engine/engine.go:407	Initialize navigation buttons
2026-02-15T08:02:33.552Z	[34mINFO[0m	engine/engine.go:407	Initialize plugins
2026-02-15T08:02:33.552Z	[34mINFO[0m	engine/engine.go:407	Initialize success🍺🍺
2026-02-15T08:02:35.891Z	[34mINFO[0m	controller/handler.go:25	[GoAdmin] access log	{"traceID": "ac1c01024010217711425558570001", "statuscode": "200", "method": "GET", "path": "/admin/info/categories"}
2026-02-15T08:02:51.735Z	[34mINFO[0m	engine/engine.go:407	Initialize database connections
2026-02-15T08:02:51.741Z	[34mINFO[0m	engine/engine.go:407	Initialize configuration
2026-02-15T08:02:51.742Z	[34mINFO[0m	engine/engine.go:407	Initialize navigation buttons
2026-02-15T08:02:51.743Z	[34mINFO[0m	engine/engine.go:407	Initialize plugins
2026-02-15T08:02:51.743Z	[34mINFO[0m	engine/engine.go:407	Initialize success🍺🍺
2026-02-15T08:03:02.902Z	[34mINFO[0m	engine/engine.go:407	Initialize database connections
2026-02-15T08:03:02.906Z	[34mINFO[0m	engine/engine.go:407	Initialize configuration
2026-02-15T08:03:02.907Z	[34mINFO[0m	engine/engine.go:407	Initialize navigation buttons
2026-02-15T08:03:02.908Z	[34mINFO[0m	engine/engine.go:407	Initialize plugins
2026-02-15T08:03:02.908Z	[34mINFO[0m	engine/engine.go:407	Initialize success🍺🍺
2026-02-15T08:32:45.451Z	[34mINFO[0m	engine/engine.go:407	Initialize database connections
2026-02-15T08:32:45.458Z	[34mINFO[0m	engine/engine.go:407	Initialize configuration
2026-02-15T08:32:45.460Z	[34mINFO[0m	engine/engine.go:407	Initialize navigation buttons
2026-02-15T08:32:45.460Z	[34mINFO[0m	engine/engine.go:407	Initialize plugins
2026-02-15T08:32:45.460Z	[34mINFO[0m	engine/engine.go:407	Initialize success🍺🍺
